Date,Open,High,Low,Close,Adj Close,Volume,Average Return
11/1/16,2128.679932,2131.449951,2097.850098,2111.719971,2111.719971,4532160000,0.007967361
11/2/16,2109.429932,2111.76001,2094,2097.939941,2097.939941,4248580000,0.005446965
11/3/16,2098.800049,2102.560059,2085.22998,2088.659912,2088.659912,3886740000,0.004831397
11/4/16,2083.790039,2099.070068,2083.790039,2085.179932,2085.179932,3837860000,-0.000667002
11/7/16,2100.590088,2132,2100.590088,2131.52002,2131.52002,3736060000,-0.014724402
11/8/16,2129.919922,2146.870117,2123.560059,2139.560059,2139.560059,3916930000,-0.004526056
11/9/16,2131.560059,2170.100098,2125.350098,2163.26001,2163.26001,6264150000,-0.014871714
11/10/16,2167.48999,2182.300049,2151.169922,2167.47998,2167.47998,6451640000,4.62E-06
11/11/16,2162.709961,2165.919922,2152.48999,2164.449951,2164.449951,4988050000,-0.000804542
11/14/16,2165.639893,2171.360107,2156.080078,2164.199951,2164.199951,5367200000,0.000664904
11/15/16,2168.290039,2180.840088,2166.379883,2180.389893,2180.389893,4543860000,-0.005580367
11/16/16,2177.530029,2179.219971,2172.199951,2176.939941,2176.939941,3830590000,0.00027099
11/17/16,2178.610107,2188.060059,2176.649902,2187.120117,2187.120117,3809160000,-0.003906165
11/18/16,2186.850098,2189.889893,2180.379883,2181.899902,2181.899902,3572400000,0.002263619
11/21/16,2186.429932,2198.699951,2186.429932,2198.179932,2198.179932,3607010000,-0.005374057
11/22/16,2201.560059,2204.800049,2194.51001,2202.939941,2202.939941,3957940000,-0.000626775
11/23/16,2198.550049,2204.719971,2194.51001,2204.719971,2204.719971,3418640000,-0.00280636
11/25/16,2206.27002,2213.350098,2206.27002,2213.350098,2213.350098,1584600000,-0.003209071
11/28/16,2210.209961,2211.139893,2200.360107,2201.719971,2201.719971,3505650000,0.003841259
11/29/16,2200.76001,2210.459961,2198.149902,2204.659912,2204.659912,3706560000,-0.001772071
11/30/16,2204.969971,2214.100098,2198.810059,2198.810059,2198.810059,5533980000,0.002793649
12/1/16,2200.169922,2202.600098,2187.439941,2191.080078,2191.080078,5063740000,0.004131428
12/2/16,2191.120117,2197.949951,2188.370117,2191.949951,2191.949951,3779500000,-0.000378726
12/5/16,2200.649902,2209.419922,2199.969971,2204.709961,2204.709961,3895230000,-0.001844936
12/6/16,2207.26001,2212.780029,2202.209961,2212.22998,2212.22998,3855320000,-0.002251647
12/7/16,2210.719971,2241.629883,2208.929932,2241.350098,2241.350098,4501820000,-0.013855272
12/8/16,2241.129883,2251.689941,2237.570068,2246.189941,2246.189941,4200580000,-0.002257816
12/9/16,2249.72998,2259.800049,2249.22998,2259.530029,2259.530029,3884480000,-0.0043561
12/12/16,2258.830078,2264.030029,2252.370117,2256.959961,2256.959961,4034510000,0.000827914
12/13/16,2263.320068,2277.530029,2263.320068,2271.719971,2271.719971,3857590000,-0.003711319
12/14/16,2268.350098,2276.199951,2248.439941,2253.280029,2253.280029,4406970000,0.006643626
12/15/16,2253.77002,2272.120117,2253.77002,2262.030029,2262.030029,4168200000,-0.003664974
12/16/16,2266.810059,2268.050049,2254.23999,2258.070068,2258.070068,5920340000,0.003855634
12/19/16,2259.23999,2267.469971,2258.209961,2262.530029,2262.530029,3248370000,-0.001456259
12/20/16,2266.5,2272.560059,2266.139893,2270.76001,2270.76001,3298780000,-0.001879554
12/21/16,2270.540039,2271.22998,2265.149902,2265.179932,2265.179932,2852230000,0.002360719
12/22/16,2262.929932,2263.179932,2256.080078,2260.959961,2260.959961,2876320000,0.00087054
12/23/16,2260.25,2263.790039,2258.840088,2263.790039,2263.790039,2020550000,-0.001566216
12/27/16,2266.22998,2273.820068,2266.149902,2268.879883,2268.879883,1987080000,-0.0011693
12/28/16,2270.22998,2271.310059,2249.110107,2249.919922,2249.919922,2392360000,0.008946256
12/29/16,2249.5,2254.51001,2244.560059,2249.26001,2249.26001,2336370000,0.000106686
12/30/16,2251.610107,2253.580078,2233.620117,2238.830078,2238.830078,2670900000,0.005675951
1/3/17,2251.570068,2263.879883,2245.129883,2257.830078,2257.830078,3770530000,-0.002780287
1/4/17,2261.600098,2272.820068,2261.600098,2270.75,2270.75,3764890000,-0.004045765
1/5/17,2268.179932,2271.5,2260.449951,2269,2269,3761820000,-0.000361553
1/6/17,2271.139893,2282.100098,2264.060059,2276.97998,2276.97998,3339890000,-0.002571434
1/9/17,2273.590088,2275.48999,2268.899902,2268.899902,2268.899902,3217610000,0.002062899
1/10/17,2269.719971,2279.27002,2265.27002,2268.899902,2268.899902,3638790000,0.000361308
1/11/17,2268.600098,2275.320068,2260.830078,2275.320068,2275.320068,3620410000,-0.002962166
1/12/17,2271.139893,2271.780029,2254.25,2270.439941,2270.439941,3462130000,0.000308194
1/13/17,2272.73999,2278.679932,2271.51001,2274.639893,2274.639893,3081270000,-0.000835953
1/17/17,2269.139893,2272.080078,2262.810059,2267.889893,2267.889893,3584990000,0.00055087
1/18/17,2269.139893,2272.01001,2263.350098,2271.889893,2271.889893,3315250000,-0.001211913
1/19/17,2271.899902,2274.330078,2258.409912,2263.689941,2263.689941,3165970000,0.003613698
1/20/17,2269.959961,2276.959961,2265.01001,2271.310059,2271.310059,3524970000,-0.000594767
1/23/17,2267.780029,2271.780029,2257.02002,2265.199951,2265.199951,3152710000,0.001137711
1/24/17,2267.879883,2284.629883,2266.679932,2280.070068,2280.070068,3810960000,-0.005375146
1/25/17,2288.879883,2299.550049,2288.879883,2298.370117,2298.370117,3846020000,-0.004146235
1/26/17,2298.629883,2300.98999,2294.080078,2296.679932,2296.679932,3610360000,0.00084831
1/27/17,2299.02002,2299.02002,2291.620117,2294.689941,2294.689941,3135890000,0.001883446
1/30/17,2286.01001,2286.01001,2268.040039,2280.899902,2280.899902,3591270000,0.002235383
1/31/17,2274.02002,2279.090088,2267.209961,2278.870117,2278.870117,4087450000,-0.00213283
2/1/17,2285.590088,2289.139893,2272.439941,2279.550049,2279.550049,3916610000,0.002642661
2/2/17,2276.689941,2283.969971,2271.649902,2280.850098,2280.850098,3807710000,-0.001827283
2/3/17,2288.540039,2298.310059,2287.879883,2297.419922,2297.419922,3597970000,-0.003880152
2/6/17,2294.280029,2296.179932,2288.570068,2292.560059,2292.560059,3109050000,0.000749677
2/7/17,2295.870117,2299.399902,2290.159912,2293.080078,2293.080078,3448690000,0.001215243
2/8/17,2289.550049,2295.909912,2285.379883,2294.669922,2294.669922,3609740000,-0.002236192
2/9/17,2296.699951,2311.080078,2296.610107,2307.870117,2307.870117,3677940000,-0.004863572
2/10/17,2312.27002,2319.22998,2311.100098,2316.100098,2316.100098,3475020000,-0.001656415
2/13/17,2321.719971,2331.580078,2321.419922,2328.25,2328.25,3349730000,-0.002812583
2/14/17,2326.120117,2337.580078,2322.169922,2337.580078,2337.580078,3520910000,-0.004926642
2/15/17,2335.580078,2351.300049,2334.810059,2349.25,2349.25,3775590000,-0.005852902
2/16/17,2349.639893,2351.310059,2338.870117,2347.219971,2347.219971,3672370000,0.001029912
2/17/17,2343.01001,2351.159912,2339.580078,2351.159912,2351.159912,3513060000,-0.00347839
2/21/17,2354.909912,2366.709961,2354.909912,2365.379883,2365.379883,3579780000,-0.004446018
2/22/17,2361.110107,2365.129883,2358.340088,2362.820068,2362.820068,3468670000,-0.000724219
2/23/17,2367.5,2368.26001,2355.090088,2363.810059,2363.810059,4015260000,0.001558581
2/24/17,2355.72998,2367.340088,2352.870117,2367.340088,2367.340088,3831570000,-0.004928454
2/27/17,2365.22998,2371.540039,2361.870117,2369.75,2369.75,3582610000,-0.001911028
2/28/17,2366.080078,2367.790039,2358.959961,2363.639893,2363.639893,4210140000,0.00103132
3/1/17,2380.129883,2400.97998,2380.129883,2395.959961,2395.959961,4345180000,-0.00665093
3/2/17,2394.75,2394.75,2380.169922,2381.919922,2381.919922,3821320000,0.005357586
3/3/17,2380.919922,2383.889893,2375.389893,2383.120117,2383.120117,3555260000,-0.000924094
3/6/17,2375.22998,2378.800049,2367.97998,2375.310059,2375.310059,3232700000,-3.37E-05
3/7/17,2370.73999,2375.120117,2365.51001,2368.389893,2368.389893,3518390000,0.000991293
3/8/17,2369.810059,2373.090088,2361.01001,2362.97998,2362.97998,3812100000,0.002882121
3/9/17,2363.48999,2369.080078,2354.540039,2364.870117,2364.870117,3716340000,-0.000583936
3/10/17,2372.52002,2376.860107,2363.040039,2372.600098,2372.600098,3432950000,-3.38E-05
3/13/17,2371.560059,2374.419922,2368.52002,2373.469971,2373.469971,3133900000,-0.00080534
3/14/17,2368.550049,2368.550049,2358.179932,2365.449951,2365.449951,3172630000,0.001308859
3/15/17,2370.340088,2390.01001,2368.939941,2385.26001,2385.26001,3906840000,-0.006294423
3/16/17,2387.709961,2388.100098,2377.179932,2381.379883,2381.379883,3365660000,0.002651108
3/17/17,2383.709961,2385.709961,2377.639893,2378.25,2378.25,5178040000,0.002290531
3/20/17,2378.23999,2379.550049,2369.659912,2373.469971,2373.469971,3054930000,0.002005693
3/21/17,2379.320068,2381.929932,2341.899902,2344.02002,2344.02002,4265590000,0.014836191
3/22/17,2343,2351.810059,2336.449951,2348.449951,2348.449951,3572730000,-0.002326057
3/23/17,2345.969971,2358.919922,2342.129883,2345.959961,2345.959961,3260600000,4.27E-06
3/24/17,2350.419922,2356.219971,2335.73999,2343.97998,2343.97998,2975130000,0.002739911
3/27/17,2329.110107,2344.899902,2322.25,2341.590088,2341.590088,3240230000,-0.005358261
3/28/17,2339.790039,2363.780029,2337.629883,2358.570068,2358.570068,3367780000,-0.008026374
3/29/17,2356.540039,2363.360107,2352.939941,2361.129883,2361.129883,3106940000,-0.001947705
3/30/17,2361.310059,2370.419922,2358.580078,2368.060059,2368.060059,3158420000,-0.002858583
3/31/17,2364.820068,2370.350098,2362.600098,2362.719971,2362.719971,3354110000,0.000888058
4/3/17,2362.340088,2365.870117,2344.72998,2358.840088,2358.840088,3416400000,0.001481582
4/4/17,2354.76001,2360.530029,2350.719971,2360.159912,2360.159912,3206240000,-0.002293186
4/5/17,2366.590088,2378.360107,2350.52002,2352.949951,2352.949951,3770520000,0.005763625
4/6/17,2353.790039,2364.159912,2348.899902,2357.48999,2357.48999,3201920000,-0.001571912
4/7/17,2356.590088,2363.76001,2350.73999,2355.540039,2355.540039,3053150000,0.00044558
4/10/17,2357.159912,2366.370117,2351.5,2357.159912,2357.159912,2785410000,0
4/11/17,2353.919922,2355.219971,2337.25,2353.780029,2353.780029,3117420000,5.94E-05
4/12/17,2352.149902,2352.719971,2341.179932,2344.929932,2344.929932,3196950000,0.00306952
4/13/17,2341.97998,2348.26001,2328.949951,2328.949951,2328.949951,3143890000,0.005563681
4/17/17,2332.620117,2349.139893,2332.51001,2349.01001,2349.01001,2824710000,-0.007026388
4/18/17,2342.530029,2348.350098,2334.540039,2342.189941,2342.189941,3269840000,0.00014518
4/19/17,2346.790039,2352.629883,2335.050049,2338.169922,2338.169922,3519900000,0.003673152
4/20/17,2342.689941,2361.370117,2340.909912,2355.840088,2355.840088,3647420000,-0.005613268
4/21/17,2354.73999,2356.179932,2344.51001,2348.689941,2348.689941,3503360000,0.002569307
4/24/17,2370.330078,2376.97998,2369.189941,2374.149902,2374.149902,3690650000,-0.001611516
4/25/17,2381.51001,2392.47998,2381.149902,2388.610107,2388.610107,3995240000,-0.002981342
4/26/17,2388.97998,2398.159912,2386.780029,2387.449951,2387.449951,4105920000,0.000640453
4/27/17,2389.699951,2392.100098,2382.679932,2388.77002,2388.77002,4098460000,0.000389141
4/28/17,2393.679932,2393.679932,2382.360107,2384.199951,2384.199951,3718270000,0.003960421
5/1/17,2388.5,2394.48999,2384.830078,2388.330078,2388.330078,3199240000,7.11E-05
5/2/17,2391.050049,2392.929932,2385.820068,2391.169922,2391.169922,3813680000,-5.01E-05
5/3/17,2386.5,2389.820068,2379.75,2388.129883,2388.129883,3893990000,-0.00068296
5/4/17,2389.790039,2391.429932,2380.350098,2389.52002,2389.52002,4362540000,0.000112989
5/5/17,2392.370117,2399.290039,2389.379883,2399.290039,2399.290039,3540140000,-0.002892496
5/8/17,2399.939941,2401.360107,2393.919922,2399.379883,2399.379883,3429440000,0.000233363
5/9/17,2401.580078,2403.870117,2392.439941,2396.919922,2396.919922,3653590000,0.001940454
5/10/17,2396.790039,2399.73999,2392.790039,2399.629883,2399.629883,3643530000,-0.001184853
5/11/17,2394.840088,2395.719971,2381.73999,2394.439941,2394.439941,3727420000,0.000167087
5/12/17,2392.439941,2392.439941,2387.189941,2390.899902,2390.899902,3305630000,0.000643711
5/15/17,2393.97998,2404.050049,2393.939941,2402.320068,2402.320068,3473600000,-0.003483775
5/16/17,2404.550049,2405.77002,2396.050049,2400.669922,2400.669922,3420790000,0.00161366
5/17/17,2382.949951,2384.870117,2356.209961,2357.030029,2357.030029,4163000000,0.010877241
5/18/17,2354.689941,2375.73999,2352.719971,2365.719971,2365.719971,4319420000,-0.004684281
5/19/17,2371.370117,2389.060059,2370.429932,2381.72998,2381.72998,3825160000,-0.004368725
5/22/17,2387.209961,2395.459961,2386.919922,2394.02002,2394.02002,3172830000,-0.002852727
5/23/17,2397.040039,2400.850098,2393.879883,2398.419922,2398.419922,3213570000,-0.000575661
5/24/17,2401.409912,2405.580078,2397.98999,2404.389893,2404.389893,3389900000,-0.00124093
5/25/17,2409.540039,2418.709961,2408.01001,2415.070068,2415.070068,3535390000,-0.002295056
5/26/17,2414.5,2416.679932,2412.199951,2415.820068,2415.820068,2805040000,-0.000546725
5/30/17,2411.669922,2415.26001,2409.429932,2412.909912,2412.909912,3203160000,-0.000514162
5/31/17,2415.629883,2415.98999,2403.590088,2411.800049,2411.800049,4516110000,0.001585439
6/1/17,2415.649902,2430.060059,2413.540039,2430.060059,2430.060059,3857140000,-0.005965333
6/2/17,2431.280029,2440.22998,2427.709961,2439.070068,2439.070068,3461680000,-0.00320409
6/5/17,2437.830078,2439.550049,2434.320068,2436.100098,2436.100098,2912600000,0.000709639
6/6/17,2431.919922,2436.209961,2428.120117,2429.330078,2429.330078,3357840000,0.001064938
6/7/17,2432.030029,2435.280029,2424.75,2433.139893,2433.139893,3572300000,-0.000456353
6/8/17,2434.27002,2439.27002,2427.939941,2433.790039,2433.790039,3728860000,0.000197177
6/9/17,2436.389893,2446.199951,2415.699951,2431.77002,2431.77002,4027340000,0.001896196
6/12/17,2425.879883,2430.379883,2419.969971,2429.389893,2429.389893,4027750000,-0.001446902
6/13/17,2434.149902,2441.48999,2431.280029,2440.350098,2440.350098,3275500000,-0.002547171
6/14/17,2443.75,2443.75,2428.340088,2437.919922,2437.919922,3555590000,0.00238571
6/15/17,2424.139893,2433.949951,2418.530029,2432.459961,2432.459961,3353050000,-0.003432173
6/16/17,2431.23999,2433.149902,2422.879883,2433.149902,2433.149902,5284720000,-0.000785571
6/19/17,2442.550049,2453.820068,2441.790039,2453.459961,2453.459961,3264700000,-0.004466607
6/20/17,2450.659912,2450.659912,2436.600098,2437.030029,2437.030029,3416510000,0.005561719
6/21/17,2439.310059,2442.22998,2430.73999,2435.610107,2435.610107,3594820000,0.001516803
6/22/17,2437.399902,2441.620117,2433.27002,2434.5,2434.5,3468210000,0.001189752
6/23/17,2434.649902,2441.399902,2431.110107,2438.300049,2438.300049,5278330000,-0.001499249
6/26/17,2443.320068,2450.419922,2437.030029,2439.070068,2439.070068,3238970000,0.001739436
6/27/17,2436.340088,2440.149902,2419.379883,2419.379883,2419.379883,3563910000,0.006961345
6/28/17,2428.699951,2442.969971,2428.02002,2440.689941,2440.689941,3500800000,-0.004936793
6/29/17,2442.379883,2442.72998,2405.699951,2419.699951,2419.699951,3900280000,0.009285997
6/30/17,2429.199951,2432.709961,2421.649902,2423.409912,2423.409912,3361590000,0.002383517
7/3/17,2431.389893,2439.169922,2428.689941,2429.01001,2429.01001,1962290000,0.000978816
7/5/17,2430.780029,2434.899902,2422.050049,2432.540039,2432.540039,3367220000,-0.000724052
7/6/17,2423.439941,2424.280029,2407.699951,2409.75,2409.75,3364520000,0.005648971
7/7/17,2413.52002,2426.919922,2413.52002,2425.179932,2425.179932,2901330000,-0.004831082
7/10/17,2424.51001,2432,2422.27002,2427.429932,2427.429932,2999130000,-0.001204335
7/11/17,2427.350098,2429.300049,2412.790039,2425.530029,2425.530029,3106750000,0.000749817
7/12/17,2435.75,2445.76001,2435.75,2443.25,2443.25,3171620000,-0.003079134
7/13/17,2444.98999,2449.320068,2441.689941,2447.830078,2447.830078,3067670000,-0.001161595
7/14/17,2449.159912,2463.540039,2446.689941,2459.27002,2459.27002,2736640000,-0.00412799
7/17/17,2459.5,2462.820068,2457.159912,2459.139893,2459.139893,2793170000,0.000146415
7/18/17,2455.879883,2460.919922,2450.340088,2460.610107,2460.610107,2962130000,-0.001926081
7/19/17,2463.850098,2473.830078,2463.850098,2473.830078,2473.830078,3059760000,-0.004050563
7/20/17,2475.560059,2477.620117,2468.429932,2473.449951,2473.449951,3182780000,0.000852376
7/21/17,2467.399902,2472.540039,2465.060059,2472.540039,2472.540039,3059570000,-0.00208322
7/24/17,2472.040039,2473.100098,2466.320068,2469.909912,2469.909912,3010240000,0.000861688
7/25/17,2477.879883,2481.23999,2474.909912,2477.129883,2477.129883,4108060000,0.000302678
7/26/17,2479.969971,2481.689941,2474.939941,2477.830078,2477.830078,3557020000,0.000862871
7/27/17,2482.76001,2484.040039,2459.929932,2475.419922,2475.419922,3995520000,0.002956423
7/28/17,2469.120117,2473.530029,2464.659912,2472.100098,2472.100098,3294770000,-0.0012069
7/31/17,2475.939941,2477.959961,2468.530029,2470.300049,2470.300049,3469210000,0.002277879
8/1/17,2477.100098,2478.51001,2471.139893,2476.350098,2476.350098,3460860000,0.000302773
8/2/17,2480.379883,2480.379883,2466.47998,2477.570068,2477.570068,3478580000,0.001132816
8/3/17,2476.030029,2476.030029,2468.850098,2472.159912,2472.159912,3645020000,0.001563033
8/4/17,2476.879883,2480,2472.080078,2476.830078,2476.830078,3235140000,2.01E-05
8/7/17,2477.139893,2480.949951,2475.879883,2480.909912,2480.909912,2931780000,-0.001521924
8/8/17,2478.350098,2490.870117,2470.320068,2474.919922,2474.919922,3344640000,0.001384056
8/9/17,2465.350098,2474.409912,2462.080078,2474.02002,2474.02002,3308060000,-0.00351671
8/10/17,2465.379883,2465.379883,2437.75,2438.209961,2438.209961,3621070000,0.011020582
8/11/17,2441.040039,2448.090088,2437.850098,2441.320068,2441.320068,3159930000,-0.000114717
8/14/17,2454.959961,2468.219971,2454.959961,2465.840088,2465.840088,2822550000,-0.004431896
8/15/17,2468.659912,2468.899902,2461.610107,2464.610107,2464.610107,2913100000,0.001640487
8/16/17,2468.629883,2474.929932,2463.860107,2468.110107,2468.110107,2953650000,0.000210552
8/17/17,2462.949951,2465.02002,2430.01001,2430.01001,2430.01001,3142620000,0.013374182
8/18/17,2427.639893,2440.27002,2420.689941,2425.550049,2425.550049,3415680000,0.000860854
8/21/17,2425.5,2430.580078,2417.350098,2428.370117,2428.370117,2788150000,-0.001183309
8/22/17,2433.75,2454.77002,2433.669922,2452.51001,2452.51001,2777490000,-0.007708273
8/23/17,2444.879883,2448.909912,2441.419922,2444.040039,2444.040039,2785290000,0.000343511
8/24/17,2447.909912,2450.389893,2436.189941,2438.969971,2438.969971,2846590000,0.003652071
8/25/17,2444.719971,2453.959961,2442.219971,2443.050049,2443.050049,2588780000,0.000683073
8/28/17,2447.350098,2449.120117,2439.030029,2444.23999,2444.23999,2677700000,0.001270806
8/29/17,2431.939941,2449.189941,2428.199951,2446.300049,2446.300049,2737580000,-0.005904795
8/30/17,2446.060059,2460.310059,2443.77002,2457.590088,2457.590088,2633660000,-0.004713715
8/31/17,2462.649902,2475.01001,2462.649902,2471.649902,2471.649902,3348110000,-0.0036546
9/1/17,2474.419922,2480.379883,2473.850098,2476.550049,2476.550049,2710730000,-0.000860859
9/5/17,2470.350098,2471.969971,2446.550049,2457.850098,2457.850098,3490260000,0.005060012
9/6/17,2463.830078,2469.639893,2459.199951,2465.540039,2465.540039,3374410000,-0.000694026
9/7/17,2468.060059,2468.620117,2460.290039,2465.100098,2465.100098,3353930000,0.001199307
9/8/17,2462.25,2467.110107,2459.399902,2461.429932,2461.429932,3302490000,0.000333056
9/11/17,2474.52002,2488.949951,2474.52002,2488.110107,2488.110107,3291760000,-0.005492009
9/12/17,2491.939941,2496.77002,2490.370117,2496.47998,2496.47998,3230920000,-0.001821889
9/13/17,2493.889893,2498.370117,2492.139893,2498.370117,2498.370117,3368050000,-0.00179648
9/14/17,2494.560059,2498.429932,2491.350098,2495.620117,2495.620117,3414460000,-0.000424948
9/15/17,2495.669922,2500.22998,2493.159912,2500.22998,2500.22998,4853170000,-0.001827188
9/18/17,2502.51001,2508.320068,2499.919922,2503.870117,2503.870117,3194300000,-0.000543497
9/19/17,2506.290039,2507.840088,2503.189941,2506.649902,2506.649902,3249100000,-0.000143584
9/20/17,2506.840088,2508.850098,2496.669922,2508.23999,2508.23999,3530010000,-0.000558433
9/21/17,2507.159912,2507.159912,2499,2500.600098,2500.600098,2930860000,0.002616432
9/22/17,2497.26001,2503.469971,2496.540039,2502.219971,2502.219971,2865960000,-0.001986161
9/25/17,2499.389893,2502.540039,2488.030029,2496.659912,2496.659912,3297890000,0.001092259
9/26/17,2501.040039,2503.51001,2495.120117,2496.840088,2496.840088,3043110000,0.001679282
9/27/17,2503.300049,2511.75,2495.909912,2507.040039,2507.040039,3456030000,-0.001494024
9/28/17,2503.409912,2510.810059,2502.929932,2510.060059,2510.060059,3168620000,-0.002656436
9/29/17,2509.959961,2519.439941,2507.98999,2519.360107,2519.360107,3211920000,-0.003745138
10/2/17,2521.199951,2529.22998,2520.399902,2529.120117,2529.120117,3199730000,-0.003141427
10/3/17,2530.340088,2535.129883,2528.850098,2534.580078,2534.580078,3068850000,-0.00167566
10/4/17,2533.47998,2540.530029,2531.800049,2537.73999,2537.73999,3017120000,-0.001681486
10/5/17,2540.860107,2552.51001,2540.02002,2552.070068,2552.070068,3045120000,-0.004411877
10/6/17,2547.439941,2549.409912,2543.790039,2549.330078,2549.330078,2884570000,-0.000741975
10/9/17,2551.389893,2551.820068,2541.600098,2544.72998,2544.72998,2483970000,0.002610308
10/10/17,2549.98999,2555.22998,2544.860107,2550.639893,2550.639893,2960500000,-0.000254865
10/11/17,2550.620117,2555.23999,2547.949951,2555.23999,2555.23999,2976090000,-0.001811274
10/12/17,2552.879883,2555.330078,2548.310059,2550.929932,2550.929932,3151510000,0.000763824
10/13/17,2555.659912,2557.649902,2552.090088,2553.169922,2553.169922,3149440000,0.000974304
10/16/17,2555.570068,2559.469971,2552.639893,2557.639893,2557.639893,2916020000,-0.000809927
10/17/17,2557.169922,2559.709961,2554.689941,2559.360107,2559.360107,2889390000,-0.000856488
10/18/17,2562.870117,2564.110107,2559.669922,2561.26001,2561.26001,2998090000,0.000628244
10/19/17,2553.389893,2562.360107,2547.919922,2562.100098,2562.100098,2990710000,-0.003411232
10/20/17,2567.560059,2575.439941,2567.560059,2575.209961,2575.209961,3384650000,-0.002979444
10/23/17,2578.080078,2578.290039,2564.330078,2564.97998,2564.97998,3211710000,0.005081339
10/24/17,2568.659912,2572.179932,2565.580078,2569.129883,2569.129883,3427330000,-0.000182963
10/25/17,2566.52002,2567.399902,2544,2557.149902,2557.149902,3874510000,0.003650904
10/26/17,2560.080078,2567.070068,2559.800049,2560.399902,2560.399902,3869050000,-0.000124927
10/27/17,2570.26001,2582.97998,2565.939941,2581.070068,2581.070068,3887110000,-0.004205823
10/30/17,2577.75,2580.030029,2568.25,2572.830078,2572.830078,3658870000,0.001908611
10/31/17,2575.98999,2578.290039,2572.149902,2575.26001,2575.26001,3827230000,0.000283378
11/1/17,2583.209961,2588.399902,2574.919922,2579.360107,2579.360107,3813180000,0.001490337
11/2/17,2579.459961,2581.110107,2566.169922,2579.850098,2579.850098,4048270000,-0.000151248
11/3/17,2581.929932,2588.419922,2576.77002,2587.840088,2587.840088,3567710000,-0.002289046
11/6/17,2587.469971,2593.379883,2585.659912,2591.129883,2591.129883,3539080000,-0.001414475
11/7/17,2592.110107,2597.02002,2584.350098,2590.639893,2590.639893,3809650000,0.000567188
11/8/17,2588.709961,2595.469971,2585.02002,2594.379883,2594.379883,3899360000,-0.00219025
11/9/17,2584,2586.5,2566.330078,2584.620117,2584.620117,3831610000,-0.000239983
11/10/17,2580.179932,2583.810059,2575.570068,2582.300049,2582.300049,3486910000,-0.000821693
11/13/17,2576.530029,2587.659912,2574.47998,2584.840088,2584.840088,3402930000,-0.003225291
11/14/17,2577.75,2579.659912,2566.560059,2578.870117,2578.870117,3641760000,-0.000434533
11/15/17,2569.449951,2572.840088,2557.449951,2564.620117,2564.620117,3558890000,0.001879715
11/16/17,2572.949951,2590.090088,2572.949951,2585.639893,2585.639893,3312710000,-0.004932059
11/17/17,2582.939941,2583.959961,2577.620117,2578.850098,2578.850098,3300160000,0.001583406
11/20/17,2579.48999,2584.639893,2578.23999,2582.139893,2582.139893,3003540000,-0.001027297
11/21/17,2589.169922,2601.189941,2589.169922,2599.030029,2599.030029,3332720000,-0.003808212
11/22/17,2600.310059,2600.939941,2595.22998,2597.080078,2597.080078,2762950000,0.001242152
11/24/17,2600.419922,2604.209961,2600.419922,2602.419922,2602.419922,1349780000,-0.000769107
11/27/17,2602.659912,2606.409912,2598.870117,2601.419922,2601.419922,3006860000,0.000476432
11/28/17,2605.939941,2627.689941,2605.439941,2627.040039,2627.040039,3488420000,-0.008096924
11/29/17,2627.820068,2634.889893,2620.320068,2626.070068,2626.070068,4078280000,0.000665951
11/30/17,2633.929932,2657.73999,2633.929932,2647.580078,2647.580078,4938490000,-0.005182426
12/1/17,2645.100098,2650.620117,2605.52002,2642.219971,2642.219971,3942320000,0.001088854
12/4/17,2657.189941,2665.189941,2639.030029,2639.439941,2639.439941,4023150000,0.006679989
12/5/17,2639.780029,2648.719971,2627.72998,2629.570068,2629.570068,3539040000,0.003867732
12/6/17,2626.23999,2634.409912,2624.75,2629.27002,2629.27002,3229000000,-0.001153752
12/7/17,2628.379883,2640.98999,2626.530029,2636.97998,2636.97998,3292400000,-0.003272014
12/8/17,2646.209961,2651.649902,2644.100098,2651.5,2651.5,3106150000,-0.0019991
12/11/17,2652.189941,2660.330078,2651.469971,2659.98999,2659.98999,3091950000,-0.002940984
12/12/17,2661.72998,2669.719971,2659.780029,2664.110107,2664.110107,3555680000,-0.000894203
12/13/17,2667.590088,2671.879883,2662.850098,2662.850098,2662.850098,3542370000,0.001776881
12/14/17,2665.870117,2668.090088,2652.01001,2652.01001,2652.01001,3430030000,0.005199093
12/15/17,2660.629883,2679.629883,2659.139893,2675.810059,2675.810059,5723920000,-0.005705482
12/18/17,2685.919922,2694.969971,2685.919922,2690.159912,2690.159912,3724660000,-0.001578599
12/19/17,2692.709961,2694.439941,2680.73999,2681.469971,2681.469971,3368590000,0.00417423
12/20/17,2688.179932,2691.01001,2676.110107,2679.25,2679.25,3241030000,0.003321925
12/21/17,2683.02002,2692.639893,2682.399902,2684.570068,2684.570068,3273390000,-0.000577725
12/22/17,2684.219971,2685.350098,2678.129883,2683.340088,2683.340088,2399830000,0.000327798
12/26/17,2679.090088,2682.73999,2677.959961,2680.5,2680.5,1968780000,-0.000526265
12/27/17,2682.100098,2685.639893,2678.909912,2682.620117,2682.620117,2202080000,-0.000193885
12/28/17,2686.100098,2687.659912,2682.689941,2687.540039,2687.540039,2153330000,-0.000536071
12/29/17,2689.149902,2692.120117,2673.610107,2673.610107,2673.610107,2443490000,0.005778702
1/2/18,2683.72998,2695.889893,2682.360107,2695.810059,2695.810059,3367250000,-0.004501227
1/3/18,2697.850098,2714.370117,2697.77002,2713.060059,2713.060059,3538660000,-0.005637808
1/4/18,2719.310059,2729.290039,2719.070068,2723.98999,2723.98999,3695260000,-0.001720999
1/5/18,2731.330078,2743.449951,2727.919922,2743.149902,2743.149902,3236620000,-0.004327497
1/8/18,2742.669922,2748.51001,2737.600098,2747.709961,2747.709961,3242650000,-0.00183764
1/9/18,2751.149902,2759.139893,2747.860107,2751.290039,2751.290039,3453480000,-5.09E-05
1/10/18,2745.550049,2750.800049,2736.060059,2748.22998,2748.22998,3576350000,-0.0009761
1/11/18,2752.969971,2767.560059,2752.780029,2767.560059,2767.560059,3641320000,-0.005299763
1/12/18,2770.179932,2787.850098,2769.639893,2786.23999,2786.23999,3573970000,-0.005797478
1/16/18,2798.959961,2807.540039,2768.639893,2776.419922,2776.419922,4325970000,0.008053005
1/17/18,2784.98999,2807.040039,2778.379883,2802.560059,2802.560059,3778050000,-0.006308845
1/18/18,2802.399902,2805.830078,2792.560059,2798.030029,2798.030029,3681470000,0.001559332
1/19/18,2802.600098,2810.330078,2798.080078,2810.300049,2810.300049,3639430000,-0.002747431
1/22/18,2809.159912,2833.030029,2808.120117,2832.969971,2832.969971,3471780000,-0.008475865
1/23/18,2835.050049,2842.23999,2830.590088,2839.129883,2839.129883,3519650000,-0.001439069
1/24/18,2845.419922,2852.969971,2824.810059,2837.540039,2837.540039,4014070000,0.002769322
1/25/18,2846.23999,2848.560059,2830.939941,2839.25,2839.25,3835150000,0.002455868
1/26/18,2847.47998,2872.870117,2846.179932,2872.870117,2872.870117,3443230000,-0.008916704
1/29/18,2867.22998,2870.620117,2851.47998,2853.530029,2853.530029,3573830000,0.004778114
1/30/18,2832.73999,2837.75,2818.27002,2822.429932,2822.429932,3990650000,0.003639606
1/31/18,2832.409912,2839.26001,2813.040039,2823.810059,2823.810059,4261280000,0.003036232
2/1/18,2816.449951,2835.959961,2812.699951,2821.97998,2821.97998,3938450000,-0.001963475
2/2/18,2808.919922,2808.919922,2759.969971,2762.129883,2762.129883,4301130000,0.016657662
2/5/18,2741.060059,2763.389893,2638.169922,2648.939941,2648.939941,5283460000,0.033607479
2/6/18,2614.780029,2701.040039,2593.070068,2695.139893,2695.139893,5891660000,-0.030732935
2/7/18,2690.949951,2727.669922,2681.330078,2681.659912,2681.659912,4626570000,0.003452327
2/8/18,2685.01001,2685.27002,2580.560059,2581,2581,5305440000,0.038737289
2/9/18,2601.780029,2638.669922,2532.689941,2619.550049,2619.550049,5680070000,-0.006829947
2/12/18,2636.75,2672.610107,2622.449951,2656,2656,4055790000,-0.007300654
2/13/18,2646.27002,2668.840088,2637.080078,2662.939941,2662.939941,3472870000,-0.006299403
2/14/18,2651.209961,2702.100098,2648.870117,2698.629883,2698.629883,4003740000,-0.017886144
2/15/18,2713.459961,2731.51001,2689.820068,2731.199951,2731.199951,3684910000,-0.006537775
2/16/18,2727.139893,2754.419922,2725.110107,2732.219971,2732.219971,3637460000,-0.001862786
2/20/18,2722.98999,2737.600098,2706.76001,2716.26001,2716.26001,3627610000,0.00247154
2/21/18,2720.530029,2747.75,2701.290039,2701.330078,2701.330078,3779400000,0.00705743
2/22/18,2710.419922,2731.26001,2697.77002,2703.959961,2703.959961,3701270000,0.00238338
2/23/18,2715.800049,2747.76001,2713.73999,2747.300049,2747.300049,3189190000,-0.011598792
2/26/18,2757.370117,2780.639893,2753.780029,2779.600098,2779.600098,3424650000,-0.008062023
2/27/18,2780.449951,2789.149902,2744.219971,2744.280029,2744.280029,3745080000,0.013008658
2/28/18,2753.780029,2761.52002,2713.540039,2713.830078,2713.830078,4230660000,0.014507314
3/1/18,2715.219971,2730.889893,2659.649902,2677.669922,2677.669922,4503970000,0.013829468
3/2/18,2658.889893,2696.25,2647.320068,2691.25,2691.25,3882450000,-0.012170533
3/5/18,2681.060059,2728.090088,2675.75,2720.939941,2720.939941,3710810000,-0.014874669
3/6/18,2730.179932,2732.080078,2711.26001,2728.120117,2728.120117,3370690000,0.000754461
3/7/18,2710.179932,2730.600098,2701.73999,2726.800049,2726.800049,3393270000,-0.006132477
3/8/18,2732.75,2740.449951,2722.649902,2738.969971,2738.969971,3212320000,-0.002276085
3/9/18,2752.909912,2786.570068,2751.540039,2786.570068,2786.570068,3364100000,-0.012227119
3/12/18,2790.540039,2796.97998,2779.26001,2783.02002,2783.02002,3185020000,0.002694826
3/13/18,2792.310059,2801.899902,2758.679932,2765.310059,2765.310059,3301650000,0.009669413
3/14/18,2774.060059,2777.110107,2744.379883,2749.47998,2749.47998,3391360000,0.008860687
3/15/18,2754.27002,2763.030029,2741.469971,2747.330078,2747.330078,3500330000,0.002519703
3/16/18,2750.570068,2761.850098,2749.969971,2752.01001,2752.01001,5372340000,-0.000523507
3/19/18,2741.379883,2741.379883,2694.590088,2712.919922,2712.919922,3302130000,0.010381619
3/20/18,2715.050049,2724.219971,2710.050049,2716.939941,2716.939941,3261030000,-0.00069608
3/21/18,2714.98999,2739.139893,2709.790039,2711.929932,2711.929932,3415510000,0.001127097
3/22/18,2691.360107,2695.679932,2641.590088,2643.689941,2643.689941,3739800000,0.017712296
3/23/18,2646.709961,2657.669922,2585.889893,2588.26001,2588.26001,3815080000,0.022084003
3/26/18,2619.350098,2661.360107,2601.810059,2658.550049,2658.550049,3511100000,-0.014965526
3/27/18,2667.570068,2674.780029,2596.120117,2612.620117,2612.620117,3706350000,0.020599253
3/28/18,2611.300049,2632.649902,2593.060059,2605,2605,3864500000,0.00241261
3/29/18,2614.409912,2659.070068,2609.719971,2640.870117,2640.870117,3565990000,-0.010120909
4/2/18,2633.449951,2638.300049,2553.800049,2581.879883,2581.879883,3598520000,0.019582703
4/3/18,2592.169922,2619.139893,2575.48999,2614.449951,2614.449951,3392810000,-0.008595127
4/4/18,2584.040039,2649.860107,2573.610107,2644.689941,2644.689941,3350340000,-0.023470961
4/5/18,2657.360107,2672.080078,2649.580078,2662.840088,2662.840088,3178970000,-0.00206219
4/6/18,2645.820068,2656.879883,2586.27002,2604.469971,2604.469971,3299700000,0.015628461
4/9/18,2617.179932,2653.550049,2610.790039,2613.159912,2613.159912,3062960000,0.001536012
4/10/18,2638.409912,2665.449951,2635.780029,2656.870117,2656.870117,3543930000,-0.006996716
4/11/18,2643.889893,2661.429932,2639.25,2642.189941,2642.189941,3020760000,0.000642974
4/12/18,2653.830078,2674.719971,2653.830078,2663.98999,2663.98999,3021320000,-0.003828396
4/13/18,2676.899902,2680.26001,2645.050049,2656.300049,2656.300049,2960910000,0.007695414
4/16/18,2670.100098,2686.48999,2665.159912,2677.840088,2677.840088,3019700000,-0.002898764
4/17/18,2692.73999,2713.340088,2692.050049,2706.389893,2706.389893,3234360000,-0.00506915
4/18/18,2710.110107,2717.48999,2703.629883,2708.639893,2708.639893,3383410000,0.000542492
4/19/18,2701.159912,2702.840088,2681.899902,2693.129883,2693.129883,3349370000,0.002972808
4/20/18,2692.560059,2693.939941,2660.610107,2670.139893,2670.139893,3388590000,0.00832671
4/23/18,2675.399902,2682.860107,2657.98999,2670.290039,2670.290039,3017480000,0.001909944
4/24/18,2680.800049,2683.550049,2617.320068,2634.560059,2634.560059,3706740000,0.017248578
4/25/18,2634.919922,2645.300049,2612.669922,2639.399902,2639.399902,3499440000,-0.001700234
4/26/18,2651.649902,2676.47998,2647.159912,2666.939941,2666.939941,3665720000,-0.005766236
4/27/18,2675.469971,2677.350098,2659.01001,2669.909912,2669.909912,3219030000,0.002078162
4/30/18,2682.51001,2682.870117,2648.040039,2648.050049,2648.050049,3734530000,0.012846163
5/1/18,2642.959961,2655.27002,2625.409912,2654.800049,2654.800049,3559850000,-0.004479859
5/2/18,2654.23999,2660.870117,2631.699951,2635.669922,2635.669922,4010770000,0.006996379
5/3/18,2628.080078,2637.139893,2594.620117,2629.72998,2629.72998,3851470000,-0.000627797
5/4/18,2621.449951,2670.929932,2615.320068,2663.419922,2663.419922,3327220000,-0.016010213
5/7/18,2680.340088,2683.350098,2664.699951,2672.629883,2672.629883,3237960000,0.002876577
5/8/18,2670.26001,2676.340088,2655.199951,2671.919922,2671.919922,3717570000,-0.000621629
5/9/18,2678.120117,2701.27002,2674.139893,2697.790039,2697.790039,3909500000,-0.007344675
5/10/18,2705.02002,2726.110107,2704.540039,2723.070068,2723.070068,3333050000,-0.006672796
5/11/18,2722.699951,2732.860107,2717.449951,2727.719971,2727.719971,2862700000,-0.001843765
5/14/18,2738.469971,2742.100098,2725.469971,2730.129883,2730.129883,2972660000,0.003045528
5/15/18,2718.590088,2718.590088,2701.909912,2711.449951,2711.449951,3290680000,0.002626412
5/16/18,2712.620117,2727.76001,2712.169922,2722.459961,2722.459961,3202670000,-0.003627432
5/17/18,2719.709961,2731.959961,2711.360107,2720.129883,2720.129883,3475400000,-0.0001544
5/18/18,2717.350098,2719.5,2709.179932,2712.969971,2712.969971,3368690000,0.001611911
5/21/18,2735.389893,2739.189941,2725.699951,2733.01001,2733.01001,3019890000,0.000870034
5/22/18,2738.340088,2742.23999,2721.879883,2724.439941,2724.439941,3366310000,0.005076122
5/23/18,2713.97998,2733.330078,2709.540039,2733.290039,2733.290039,3326290000,-0.007115034
5/24/18,2730.939941,2731.969971,2707.379883,2727.76001,2727.76001,3256030000,0.001164409
5/25/18,2723.600098,2727.360107,2714.98999,2721.330078,2721.330078,2995260000,0.000833463
5/29/18,2705.110107,2710.669922,2676.810059,2689.860107,2689.860107,3736890000,0.005637478
5/30/18,2702.429932,2729.340088,2702.429932,2724.01001,2724.01001,3561050000,-0.007985435
5/31/18,2720.97998,2722.5,2700.679932,2705.27002,2705.27002,4235370000,0.00577364
6/1/18,2718.699951,2736.929932,2718.699951,2734.620117,2734.620117,3684130000,-0.005855801
6/4/18,2741.669922,2749.159912,2740.540039,2746.870117,2746.870117,3376510000,-0.001896725
6/5/18,2748.459961,2752.610107,2739.51001,2748.800049,2748.800049,3517790000,-0.000123738
6/6/18,2753.25,2772.389893,2748.459961,2772.350098,2772.350098,3651640000,-0.006937292
6/7/18,2774.840088,2779.899902,2760.159912,2770.370117,2770.370117,3711330000,0.001610893
6/8/18,2765.840088,2779.389893,2763.590088,2779.030029,2779.030029,3123210000,-0.004768873
6/11/18,2780.179932,2790.209961,2780.169922,2782,2782,3232330000,-0.000654658
6/12/18,2785.600098,2789.800049,2778.780029,2786.850098,2786.850098,3401010000,-0.000448736
6/13/18,2787.939941,2791.469971,2774.649902,2775.629883,2775.629883,3779230000,0.004415467
6/14/18,2783.209961,2789.060059,2776.52002,2782.48999,2782.48999,3526890000,0.000258684
6/15/18,2777.780029,2782.810059,2761.72998,2779.659912,2779.659912,5428790000,-0.000676757
6/18/18,2765.790039,2774.98999,2757.120117,2773.75,2773.75,3287150000,-0.002878006
6/19/18,2752.01001,2765.050049,2743.189941,2762.590088,2762.590088,3661470000,-0.003844491
6/20/18,2769.72998,2774.860107,2763.909912,2767.320068,2767.320068,3327600000,0.000870089
6/21/18,2769.280029,2769.280029,2744.389893,2749.76001,2749.76001,3300060000,0.00704877
6/22/18,2760.790039,2764.169922,2752.679932,2754.879883,2754.879883,5450550000,0.002140748
6/25/18,2742.939941,2742.939941,2698.669922,2717.070068,2717.070068,3655080000,0.00943144
6/26/18,2722.120117,2732.909912,2715.600098,2723.060059,2723.060059,3555090000,-0.000345298
6/27/18,2728.449951,2746.090088,2699.379883,2699.629883,2699.629883,3776090000,0.010562799
6/28/18,2698.689941,2724.340088,2691.98999,2716.310059,2716.310059,3428140000,-0.006529138
6/29/18,2727.129883,2743.26001,2718.030029,2718.370117,2718.370117,3565620000,0.003212082
7/2/18,2704.949951,2727.26001,2698.949951,2726.709961,2726.709961,3073650000,-0.008044515
7/3/18,2733.27002,2736.580078,2711.159912,2713.219971,2713.219971,1911470000,0.007335554
7/5/18,2724.189941,2737.830078,2716.02002,2736.610107,2736.610107,2953420000,-0.004559214
7/6/18,2737.679932,2764.409912,2733.52002,2759.820068,2759.820068,2554780000,-0.008087189
7/9/18,2775.620117,2784.649902,2770.72998,2784.169922,2784.169922,3050040000,-0.003080322
7/10/18,2788.560059,2795.580078,2786.23999,2793.840088,2793.840088,3063850000,-0.001893461
7/11/18,2779.820068,2785.909912,2770.77002,2774.02002,2774.02002,2964740000,0.002086483
7/12/18,2783.139893,2799.219971,2781.530029,2798.290039,2798.290039,2821690000,-0.005443545
7/13/18,2796.929932,2804.530029,2791.689941,2801.310059,2801.310059,2614000000,-0.001566048
7/16/18,2797.360107,2801.189941,2793.389893,2798.429932,2798.429932,2812230000,-0.000382441
7/17/18,2789.340088,2814.189941,2789.23999,2809.550049,2809.550049,3050730000,-0.007245427
7/18/18,2811.350098,2816.76001,2805.889893,2815.620117,2815.620117,3089780000,-0.00151885
7/19/18,2809.370117,2812.050049,2799.77002,2804.48999,2804.48999,3266700000,0.001737089
7/20/18,2804.550049,2809.699951,2800.01001,2801.830078,2801.830078,3230210000,0.000969842
7/23/18,2799.169922,2808.610107,2795.139893,2806.97998,2806.97998,2907430000,-0.002790134
7/24/18,2820.679932,2829.98999,2811.120117,2820.399902,2820.399902,3417530000,9.93E-05
7/25/18,2817.72998,2848.030029,2817.72998,2846.070068,2846.070068,3553010000,-0.010057773
7/26/18,2835.48999,2845.570068,2835.26001,2837.439941,2837.439941,3653330000,-0.000687695
7/27/18,2842.350098,2843.169922,2808.340088,2818.820068,2818.820068,3415710000,0.008278371
7/30/18,2819,2821.73999,2798.110107,2802.600098,2802.600098,3245770000,0.005817631
7/31/18,2809.72998,2824.459961,2808.060059,2816.290039,2816.290039,3892100000,-0.002334765
8/1/18,2821.169922,2825.830078,2805.850098,2813.360107,2813.360107,3496990000,0.002768289
8/2/18,2800.47998,2829.909912,2796.340088,2827.219971,2827.219971,3467380000,-0.00954836
8/3/18,2829.620117,2840.379883,2827.370117,2840.350098,2840.350098,3030390000,-0.003792022
8/6/18,2840.290039,2853.290039,2835.97998,2850.399902,2850.399902,2874540000,-0.003559447
8/7/18,2855.919922,2863.429932,2855.919922,2858.449951,2858.449951,3162770000,-0.000885889
8/8/18,2856.790039,2862.439941,2853.090088,2857.699951,2857.699951,2972200000,-0.000318509
8/9/18,2857.189941,2862.47998,2851.97998,2853.580078,2853.580078,3047050000,0.001263431
8/10/18,2838.899902,2842.199951,2825.810059,2833.280029,2833.280029,3256040000,0.001979595
8/13/18,2835.459961,2843.399902,2819.879883,2821.929932,2821.929932,3158450000,0.004771723
8/14/18,2827.879883,2843.110107,2826.580078,2839.959961,2839.959961,2976970000,-0.004271779
8/15/18,2827.949951,2827.949951,2802.48999,2818.370117,2818.370117,3645070000,0.003387554
8/16/18,2831.439941,2850.48999,2831.439941,2840.689941,2840.689941,3219880000,-0.003266889
8/17/18,2838.320068,2855.629883,2833.72998,2850.129883,2850.129883,3024100000,-0.004160847
8/20/18,2853.929932,2859.76001,2850.620117,2857.050049,2857.050049,2748020000,-0.00109327
8/21/18,2861.51001,2873.22998,2861.320068,2862.959961,2862.959961,3147140000,-0.000506708
8/22/18,2860.98999,2867.540039,2856.050049,2861.820068,2861.820068,2689560000,-0.000290137
8/23/18,2860.290039,2868.780029,2854.030029,2856.97998,2856.97998,2713910000,0.001157246
8/24/18,2862.350098,2876.159912,2862.350098,2874.689941,2874.689941,2596190000,-0.004311088
8/27/18,2884.689941,2898.25,2884.689941,2896.73999,2896.73999,2854080000,-0.004177242
8/28/18,2901.449951,2903.77002,2893.5,2897.52002,2897.52002,2683190000,0.001354471
8/29/18,2900.620117,2916.5,2898.399902,2914.040039,2914.040039,2791860000,-0.00462657
8/30/18,2908.939941,2912.459961,2895.219971,2901.129883,2901.129883,2802180000,0.002684847
8/31/18,2898.370117,2906.320068,2891.72998,2901.52002,2901.52002,2880260000,-0.001086784
9/4/18,2896.959961,2900.179932,2885.129883,2896.719971,2896.719971,3077060000,8.28E-05
9/5/18,2891.590088,2894.209961,2876.919922,2888.600098,2888.600098,3241250000,0.00103403
9/6/18,2888.639893,2892.050049,2867.290039,2878.050049,2878.050049,3139590000,0.003666031
9/7/18,2868.26001,2883.810059,2864.120117,2871.679932,2871.679932,2946270000,-0.001192333
9/10/18,2881.389893,2886.929932,2875.939941,2877.129883,2877.129883,2731400000,0.001478457
9/11/18,2871.570068,2892.52002,2866.780029,2887.889893,2887.889893,2899660000,-0.005683241
9/12/18,2888.290039,2894.649902,2879.199951,2888.919922,2888.919922,3264930000,-0.000218082
9/13/18,2896.850098,2906.76001,2896.389893,2904.179932,2904.179932,3254930000,-0.002530277
9/14/18,2906.379883,2908.300049,2895.77002,2904.97998,2904.97998,3149800000,0.000481666
9/17/18,2903.830078,2904.649902,2886.159912,2888.800049,2888.800049,2947760000,0.005175933
9/18/18,2890.73999,2911.169922,2890.429932,2904.310059,2904.310059,3074610000,-0.004694324
9/19/18,2906.600098,2912.360107,2903.820068,2907.949951,2907.949951,3280020000,-0.00046441
9/20/18,2919.72998,2934.800049,2919.72998,2930.75,2930.75,3337730000,-0.003774328
9/21/18,2936.76001,2940.909912,2927.110107,2929.669922,2929.669922,5607610000,0.002414255
9/24/18,2921.830078,2923.790039,2912.629883,2919.370117,2919.370117,3372210000,0.000841925
9/25/18,2921.75,2923.949951,2913.699951,2915.560059,2915.560059,3285480000,0.002118573
9/26/18,2916.97998,2931.149902,2903.280029,2905.969971,2905.969971,3388620000,0.003774455
9/27/18,2911.649902,2927.219971,2909.27002,2914,2914,3060850000,-0.000807136
9/28/18,2910.030029,2920.530029,2907.5,2913.97998,2913.97998,3432300000,-0.001357357
10/1/18,2926.290039,2937.060059,2917.909912,2924.590088,2924.590088,3364190000,0.000580924
10/2/18,2923.800049,2931.419922,2919.370117,2923.429932,2923.429932,3401880000,0.000126588
10/3/18,2931.689941,2939.860107,2921.360107,2925.51001,2925.51001,3598710000,0.002107976
10/4/18,2919.350098,2919.780029,2883.919922,2901.610107,2901.610107,3496860000,0.006076692
10/5/18,2902.540039,2909.639893,2869.290039,2885.570068,2885.570068,3328980000,0.005846593
10/8/18,2877.530029,2889.449951,2862.080078,2884.429932,2884.429932,3330320000,-0.002397856
10/9/18,2882.51001,2894.830078,2874.27002,2880.340088,2880.340088,3520500000,0.000752789
10/10/18,2873.899902,2874.02002,2784.860107,2785.679932,2785.679932,4501250000,0.030696953
10/11/18,2776.870117,2795.139893,2710.51001,2728.370117,2728.370117,4890630000,0.017465707
10/12/18,2770.540039,2775.77002,2729.439941,2767.129883,2767.129883,3966040000,0.001230863
10/15/18,2763.830078,2775.98999,2749.030029,2750.790039,2750.790039,3300140000,0.004718104
10/16/18,2767.050049,2813.459961,2766.909912,2809.919922,2809.919922,3428340000,-0.015492988
10/17/18,2811.669922,2816.939941,2781.810059,2809.209961,2809.209961,3321710000,0.000874911
10/18/18,2802,2806.040039,2755.179932,2768.780029,2768.780029,3616440000,0.011855807
10/19/18,2775.659912,2797.77002,2760.27002,2767.780029,2767.780029,3566490000,0.002838922
10/22/18,2773.939941,2778.939941,2749.219971,2755.879883,2755.879883,3307140000,0.006510616
10/23/18,2721.030029,2753.590088,2691.429932,2740.689941,2740.689941,4348580000,-0.007225173
10/24/18,2737.870117,2742.590088,2651.889893,2656.100098,2656.100098,4709310000,0.029866289
10/25/18,2674.879883,2722.699951,2667.840088,2705.570068,2705.570068,4634770000,-0.011473482
10/26/18,2667.860107,2692.379883,2628.159912,2658.689941,2658.689941,4803150000,0.003437274
10/29/18,2682.649902,2706.850098,2603.540039,2641.25,2641.25,4673700000,0.015432465
10/30/18,2640.679932,2685.429932,2635.340088,2682.629883,2682.629883,5106380000,-0.015886042
10/31/18,2705.600098,2736.689941,2705.600098,2711.73999,2711.73999,5112420000,-0.002269327
11/1/18,2717.580078,2741.669922,2708.850098,2740.370117,2740.370117,4708420000,-0.008386152
11/2/18,2745.449951,2756.550049,2700.439941,2723.060059,2723.060059,4237930000,0.008155272
11/5/18,2726.370117,2744.27002,2717.939941,2738.310059,2738.310059,3623320000,-0.004379428
11/6/18,2738.399902,2756.820068,2737.080078,2755.449951,2755.449951,3510860000,-0.006226282
11/7/18,2774.129883,2815.149902,2774.129883,2813.889893,2813.889893,3914750000,-0.014332426
11/8/18,2806.379883,2814.75,2794.98999,2806.830078,2806.830078,3630490000,-0.000160418
11/9/18,2794.100098,2794.100098,2764.23999,2781.01001,2781.01001,4019090000,0.004684903
11/12/18,2773.929932,2775.98999,2722,2726.219971,2726.219971,3670930000,0.017199411
11/13/18,2730.050049,2754.600098,2714.97998,2722.179932,2722.179932,4091440000,0.002882774
11/14/18,2737.899902,2746.800049,2685.75,2701.580078,2701.580078,4402370000,0.013265578
11/15/18,2693.52002,2735.379883,2670.75,2730.199951,2730.199951,4179140000,-0.013617842
11/16/18,2718.540039,2746.75,2712.159912,2736.27002,2736.27002,3975180000,-0.006521876
11/19/18,2730.73999,2733.159912,2681.090088,2690.72998,2690.72998,3772900000,0.01465171
11/20/18,2654.600098,2669.439941,2631.52002,2641.889893,2641.889893,4357900000,0.004787992
11/21/18,2657.73999,2670.72998,2649.820068,2649.929932,2649.929932,3233550000,0.002938609
11/23/18,2633.360107,2647.550049,2631.090088,2632.560059,2632.560059,1651650000,0.000303813
11/26/18,2649.969971,2674.350098,2649.969971,2673.449951,2673.449951,3443950000,-0.00886047
11/27/18,2663.75,2682.530029,2655.889893,2682.169922,2682.169922,3485220000,-0.006915034
11/28/18,2691.449951,2744,2684.379883,2743.790039,2743.790039,3951670000,-0.0194468
11/29/18,2736.969971,2753.75,2722.939941,2737.800049,2737.800049,3560770000,-0.000303284
11/30/18,2737.76001,2760.879883,2732.76001,2760.169922,2760.169922,4658580000,-0.008185492
12/3/18,2790.5,2800.179932,2773.379883,2790.370117,2790.370117,4186060000,4.65E-05
12/4/18,2782.429932,2785.929932,2697.179932,2700.060059,2700.060059,4499840000,0.029603575
12/6/18,2663.51001,2696.149902,2621.530029,2695.949951,2695.949951,5141470000,-0.012179395
12/7/18,2691.26001,2708.540039,2623.139893,2633.080078,2633.080078,4216690000,0.021618101
12/10/18,2630.860107,2647.51001,2583.22998,2637.719971,2637.719971,4151030000,-0.002607461
12/11/18,2664.439941,2674.350098,2621.300049,2636.780029,2636.780029,3905870000,0.010381135
12/12/18,2658.22998,2685.439941,2650.26001,2651.070068,2651.070068,3958890000,0.002693489
12/13/18,2658.699951,2670.189941,2637.27002,2650.540039,2650.540039,3927720000,0.003069136
12/14/18,2629.679932,2635.070068,2593.840088,2599.949951,2599.949951,4035020000,0.011305551
12/17/18,2590.75,2601.129883,2530.540039,2545.939941,2545.939941,4616350000,0.017296173
12/18/18,2559.899902,2573.98999,2528.709961,2546.159912,2546.159912,4470880000,0.005367393
12/19/18,2547.050049,2585.290039,2488.959961,2506.959961,2506.959961,5127940000,0.015739812
12/20/18,2496.77002,2509.629883,2441.179932,2467.419922,2467.419922,5585780000,0.011755227
12/21/18,2465.379883,2504.409912,2408.550049,2416.620117,2416.620117,7609010000,0.01977779
12/24/18,2400.560059,2410.340088,2351.100098,2351.100098,2351.100098,2613930000,0.020603509
12/26/18,2363.120117,2467.76001,2346.580078,2467.699951,2467.699951,4233990000,-0.04425498
12/27/18,2442.5,2489.100098,2397.939941,2488.830078,2488.830078,4096610000,-0.018968302
12/28/18,2498.77002,2520.27002,2472.889893,2485.73999,2485.73999,3702620000,0.005214578
12/31/18,2498.939941,2509.23999,2482.820068,2506.850098,2506.850098,3442870000,-0.003165405
1/2/19,2476.959961,2519.48999,2467.469971,2510.030029,2510.030029,3733160000,-0.013351071
1/3/19,2491.919922,2493.139893,2443.959961,2447.889893,2447.889893,3822860000,0.017669119
1/4/19,2474.330078,2538.070068,2474.330078,2531.939941,2531.939941,4213410000,-0.023283014
1/7/19,2535.610107,2566.159912,2524.560059,2549.689941,2549.689941,4104710000,-0.005552839
1/8/19,2568.110107,2579.820068,2547.560059,2574.409912,2574.409912,4083030000,-0.00245309
1/9/19,2580,2595.320068,2568.889893,2584.959961,2584.959961,4052480000,-0.001922466
1/10/19,2573.51001,2597.820068,2562.02002,2596.639893,2596.639893,3704500000,-0.008987679
1/11/19,2588.110107,2596.27002,2577.399902,2596.26001,2596.26001,3434490000,-0.003148978
1/14/19,2580.310059,2589.320068,2570.409912,2582.610107,2582.610107,3664450000,-0.000891384
1/15/19,2585.100098,2613.080078,2585.100098,2610.300049,2610.300049,3572330000,-0.009748153
1/16/19,2614.75,2625.76001,2612.679932,2616.100098,2616.100098,3863770000,-0.000516339
1/17/19,2609.280029,2645.060059,2606.360107,2635.959961,2635.959961,3772270000,-0.010225017
1/18/19,2651.27002,2675.469971,2647.580078,2670.709961,2670.709961,3986730000,-0.007332313
1/22/19,2657.879883,2657.879883,2617.27002,2632.899902,2632.899902,3908030000,0.009398461
1/23/19,2643.47998,2653.189941,2612.860107,2638.699951,2638.699951,3335610000,0.001808233
1/24/19,2638.840088,2647.199951,2627.01001,2642.330078,2642.330078,3433250000,-0.001322547
1/25/19,2657.439941,2672.379883,2657.330078,2664.76001,2664.76001,3814080000,-0.002754557
1/28/19,2644.969971,2644.969971,2624.060059,2643.850098,2643.850098,3612810000,0.000423397
1/29/19,2644.889893,2650.929932,2631.050049,2640,2640,3504200000,0.001848808
1/30/19,2653.620117,2690.439941,2648.340088,2681.050049,2681.050049,3867810000,-0.010336797
1/31/19,2685.48999,2708.949951,2678.649902,2704.100098,2704.100098,4917650000,-0.006929874
2/1/19,2702.320068,2716.659912,2696.879883,2706.530029,2706.530029,3759270000,-0.001557906
2/4/19,2706.48999,2724.98999,2698.75,2724.870117,2724.870117,3359840000,-0.006791131
2/5/19,2728.340088,2738.97998,2724.030029,2737.699951,2737.699951,3560430000,-0.003430607
2/6/19,2735.050049,2738.080078,2724.149902,2731.610107,2731.610107,3472690000,0.001257725
2/7/19,2717.530029,2719.320068,2687.26001,2706.050049,2706.050049,4099490000,0.004224417
2/8/19,2692.360107,2708.070068,2681.830078,2707.879883,2707.879883,3622330000,-0.005764376
2/11/19,2712.399902,2718.050049,2703.790039,2709.800049,2709.800049,3361970000,0.000958507
2/12/19,2722.610107,2748.189941,2722.610107,2744.72998,2744.72998,3827770000,-0.00812451
2/13/19,2750.300049,2761.850098,2748.629883,2753.030029,2753.030029,3670770000,-0.000992612
2/14/19,2743.5,2757.899902,2731.22998,2745.72998,2745.72998,3836700000,-0.000812823
2/15/19,2760.23999,2775.659912,2760.23999,2775.600098,2775.600098,3641370000,-0.005564773
2/19/19,2769.280029,2787.330078,2767.290039,2779.76001,2779.76001,3533710000,-0.00378437
2/20/19,2779.050049,2789.879883,2774.060059,2784.699951,2784.699951,3835450000,-0.002033034
2/21/19,2780.23999,2781.580078,2764.550049,2774.879883,2774.879883,3559710000,0.00192793
2/22/19,2780.669922,2794.199951,2779.110107,2792.669922,2792.669922,3427810000,-0.004315507
2/25/19,2804.350098,2813.48999,2794.98999,2796.110107,2796.110107,3804380000,0.002938289
2/26/19,2792.360107,2803.120117,2789.469971,2793.899902,2793.899902,3645680000,-0.000551431
2/27/19,2787.5,2795.76001,2775.129883,2792.379883,2792.379883,3767130000,-0.001750631
2/28/19,2788.110107,2793.72998,2782.51001,2784.48999,2784.48999,4396930000,0.001298412
3/1/19,2798.219971,2808.02002,2787.379883,2803.689941,2803.689941,3972280000,-0.001954803
3/4/19,2814.370117,2816.879883,2767.659912,2792.810059,2792.810059,3919810000,0.007660705
3/5/19,2794.409912,2796.439941,2782.969971,2789.649902,2789.649902,3585690000,0.001703404
3/6/19,2790.27002,2790.27002,2768.689941,2771.449951,2771.449951,3786600000,0.006744892
3/7/19,2766.530029,2767.25,2739.090088,2748.929932,2748.929932,3904860000,0.006361795
3/8/19,2730.790039,2744.129883,2722.27002,2743.070068,2743.070068,3423130000,-0.004496878
3/11/19,2747.610107,2784,2747.610107,2783.300049,2783.300049,3749030000,-0.012989449
3/12/19,2787.340088,2798.320068,2786.72998,2791.52002,2791.52002,3414230000,-0.001499613
3/13/19,2799.780029,2821.23999,2799.780029,2810.919922,2810.919922,3766150000,-0.003978846
3/14/19,2810.379883,2815,2803.459961,2808.47998,2808.47998,3469730000,0.000676031
3/15/19,2810.790039,2830.72998,2810.790039,2822.47998,2822.47998,5962730000,-0.004158952
3/18/19,2822.610107,2835.409912,2821.98999,2832.939941,2832.939941,3552190000,-0.003659674
3/19/19,2840.76001,2852.419922,2823.27002,2832.570068,2832.570068,3620220000,0.002883011
3/20/19,2831.340088,2843.540039,2812.429932,2824.22998,2824.22998,3771200000,0.002511217
3/21/19,2819.719971,2860.310059,2817.379883,2854.879883,2854.879883,3546800000,-0.012469292
3/22/19,2844.52002,2846.159912,2800.469971,2800.709961,2800.709961,4237200000,0.015401565
3/25/19,2796.01001,2809.790039,2785.02002,2798.360107,2798.360107,3376580000,-0.000840518
3/26/19,2812.659912,2829.870117,2803.98999,2818.459961,2818.459961,3266050000,-0.002062122
3/27/19,2819.719971,2825.560059,2787.719971,2805.370117,2805.370117,3372930000,0.005089106
3/28/19,2809.399902,2819.709961,2798.77002,2815.439941,2815.439941,3158170000,-0.002149939
3/29/19,2828.27002,2836.030029,2819.22998,2834.399902,2834.399902,3740700000,-0.002167361
4/1/19,2848.629883,2869.399902,2848.629883,2867.189941,2867.189941,3500760000,-0.006515433
4/2/19,2868.23999,2872.899902,2858.75,2867.23999,2867.23999,3246900000,0.000348646
4/3/19,2876.090088,2885.25,2865.169922,2873.399902,2873.399902,3550240000,0.000935362
4/4/19,2873.98999,2881.280029,2867.139893,2879.389893,2879.389893,3015180000,-0.001878887
4/5/19,2884.159912,2893.23999,2882.98999,2892.73999,2892.73999,3146820000,-0.002974897
4/8/19,2888.459961,2895.949951,2880.780029,2895.77002,2895.77002,3054030000,-0.002530781
4/9/19,2886.580078,2886.879883,2873.330078,2878.199951,2878.199951,3007980000,0.002903133
4/10/19,2881.370117,2889.709961,2879.129883,2888.209961,2888.209961,3062380000,-0.002373817
4/11/19,2891.919922,2893.419922,2881.98999,2888.320068,2888.320068,2938540000,0.001244797
4/12/19,2900.860107,2910.540039,2898.370117,2907.409912,2907.409912,3688490000,-0.002257884
4/15/19,2908.320068,2909.600098,2896.47998,2905.580078,2905.580078,3088330000,0.000942121
4/16/19,2912.26001,2916.060059,2900.709961,2907.060059,2907.060059,3402210000,0.001785538
4/17/19,2916.040039,2918,2895.449951,2900.449951,2900.449951,3602300000,0.005346322
4/18/19,2904.810059,2908.399902,2891.899902,2905.030029,2905.030029,3506850000,-7.57E-05
4/22/19,2898.780029,2909.51001,2896.350098,2907.969971,2907.969971,2997950000,-0.003170279
4/23/19,2909.98999,2936.310059,2908.530029,2933.679932,2933.679932,3635030000,-0.008140902
4/24/19,2934,2936.830078,2926.050049,2927.25,2927.25,3448960000,0.002300613
4/25/19,2928.98999,2933.100098,2912.840088,2926.169922,2926.169922,3425280000,0.000962812
4/26/19,2925.810059,2939.879883,2917.560059,2939.879883,2939.879883,3248500000,-0.004808864
4/29/19,2940.580078,2949.52002,2939.350098,2943.030029,2943.030029,3118780000,-0.000833152
4/30/19,2937.139893,2948.219971,2924.110107,2945.830078,2945.830078,3919330000,-0.002958724
5/1/19,2952.330078,2954.129883,2923.360107,2923.72998,2923.72998,3645850000,0.009687297
5/2/19,2922.159912,2931.679932,2900.5,2917.52002,2917.52002,3778890000,0.00158783
5/3/19,2929.209961,2947.850098,2929.209961,2945.639893,2945.639893,3338120000,-0.005608998
5/6/19,2908.889893,2937.320068,2898.209961,2932.469971,2932.469971,3181520000,-0.008106212
5/7/19,2913.030029,2913.030029,2862.600098,2884.050049,2884.050049,3767100000,0.009948397
5/8/19,2879.610107,2897.959961,2873.280029,2879.419922,2879.419922,3485790000,6.60E-05
5/9/19,2859.840088,2875.969971,2836.399902,2870.719971,2870.719971,3638820000,-0.003804368
5/10/19,2863.100098,2891.310059,2825.389893,2881.399902,2881.399902,3529600000,-0.006391605
5/13/19,2840.189941,2840.189941,2801.429932,2811.870117,2811.870117,3894030000,0.009971102
5/14/19,2820.120117,2852.540039,2820.120117,2834.409912,2834.409912,3322720000,-0.005067087
5/15/19,2820.379883,2858.679932,2815.080078,2850.959961,2850.959961,3125950000,-0.010842539
5/16/19,2855.800049,2892.149902,2855.800049,2876.320068,2876.320068,3338060000,-0.007185384
5/17/19,2858.600098,2885.47998,2854.22998,2859.530029,2859.530029,3257950000,-0.00032531
5/20/19,2841.939941,2853.860107,2831.290039,2840.22998,2840.22998,3288870000,0.000601688
5/21/19,2854.02002,2868.879883,2854.02002,2864.360107,2864.360107,3218700000,-0.00362299
5/22/19,2856.060059,2865.469971,2851.110107,2856.27002,2856.27002,3192510000,-7.35E-05
5/23/19,2836.699951,2836.699951,2805.48999,2822.23999,2822.23999,3891980000,0.005097459
5/24/19,2832.409912,2841.360107,2820.189941,2826.060059,2826.060059,2887390000,0.002241855
5/28/19,2830.030029,2840.51001,2801.580078,2802.389893,2802.389893,4121410000,0.009766729
5/29/19,2790.25,2792.030029,2766.060059,2783.02002,2783.02002,3700050000,0.002591158
5/30/19,2786.939941,2799,2776.73999,2788.860107,2788.860107,3273790000,-0.000688987
5/31/19,2766.149902,2768.97998,2750.52002,2752.060059,2752.060059,3981020000,0.005093666
6/3/19,2751.530029,2763.070068,2728.810059,2744.449951,2744.449951,3943810000,0.002573142
6/4/19,2762.639893,2804.48999,2762.639893,2803.27002,2803.27002,3810430000,-0.014706994
6/5/19,2818.090088,2827.280029,2800.919922,2826.149902,2826.149902,3548830000,-0.002860027
6/6/19,2828.51001,2852.100098,2822.449951,2843.48999,2843.48999,3396410000,-0.005296068
6/7/19,2852.870117,2884.969971,2852.870117,2873.340088,2873.340088,3220250000,-0.00717522
6/10/19,2885.830078,2904.77002,2885.51001,2886.72998,2886.72998,3209210000,-0.000311835
6/11/19,2903.27002,2910.610107,2878.530029,2885.719971,2885.719971,3548420000,0.006044925
6/12/19,2882.72998,2888.570068,2874.679932,2879.840088,2879.840088,3034130000,0.001002484
6/13/19,2886.23999,2895.23999,2881.98999,2891.639893,2891.639893,3069810000,-0.001870913
6/14/19,2886.820068,2894.449951,2879.620117,2886.97998,2886.97998,2922330000,-5.54E-05
6/17/19,2889.75,2897.27002,2887.300049,2889.669922,2889.669922,2810140000,2.77E-05
6/18/19,2906.709961,2930.790039,2905.439941,2917.75,2917.75,3437620000,-0.003798122
6/19/19,2920.550049,2931.73999,2911.429932,2926.459961,2926.459961,3287890000,-0.002023561
6/20/19,2949.600098,2958.060059,2931.5,2954.179932,2954.179932,3905940000,-0.001552697
6/21/19,2952.709961,2964.149902,2946.870117,2950.459961,2950.459961,5000120000,0.000762012
6/24/19,2951.419922,2954.919922,2944.050049,2945.350098,2945.350098,3136250000,0.002056578
6/25/19,2945.780029,2946.52002,2916.01001,2917.379883,2917.379883,3578050000,0.00964096
6/26/19,2926.070068,2932.590088,2912.98999,2913.780029,2913.780029,3478130000,0.004200186
6/27/19,2919.659912,2929.300049,2918.570068,2924.919922,2924.919922,3122920000,-0.001801583
6/28/19,2932.939941,2943.97998,2929.050049,2941.76001,2941.76001,5420700000,-0.003007245
7/1/19,2971.409912,2977.929932,2952.219971,2964.330078,2964.330078,3513270000,0.002382651
7/2/19,2964.659912,2973.209961,2955.919922,2973.01001,2973.01001,3206840000,-0.002816545
7/3/19,2978.080078,2995.840088,2977.959961,2995.820068,2995.820068,1963720000,-0.005956855
7/5/19,2984.25,2994.030029,2967.969971,2990.409912,2990.409912,2434210000,-0.002064141
7/8/19,2979.77002,2980.76001,2970.090088,2975.949951,2975.949951,2904550000,0.001282001
7/9/19,2965.52002,2981.899902,2963.439941,2979.629883,2979.629883,3028210000,-0.004757973
7/10/19,2989.300049,3002.97998,2984.620117,2993.070068,2993.070068,3154240000,-0.001261171
7/11/19,2999.620117,3002.330078,2988.800049,2999.909912,2999.909912,3154620000,-9.66E-05
7/12/19,3003.360107,3013.919922,3001.870117,3013.77002,3013.77002,2974960000,-0.003466089
7/15/19,3017.800049,3017.800049,3008.77002,3014.300049,3014.300049,2874970000,0.001159785
7/16/19,3012.129883,3015.02002,3001.149902,3004.040039,3004.040039,3290650000,0.002685755
7/17/19,3005.100098,3005.26001,2984.25,2984.419922,2984.419922,3181600000,0.006881693
7/18/19,2978.870117,2998.280029,2973.090088,2995.110107,2995.110107,3296580000,-0.005451728
7/19/19,3004.26001,3006.02002,2975.860107,2976.610107,2976.610107,3260360000,0.009203565
7/22/19,2981.929932,2990.709961,2976.649902,2985.030029,2985.030029,3003720000,-0.001039628
7/23/19,2994.73999,3005.899902,2988.560059,3005.469971,3005.469971,3313660000,-0.003582942
7/24/19,2998.77002,3019.590088,2996.820068,3019.560059,3019.560059,3428980000,-0.006932855
7/25/19,3016.26001,3016.310059,2997.23999,3003.669922,3003.669922,3645270000,0.004174073
7/26/19,3013.25,3027.97998,3012.590088,3025.860107,3025.860107,3257590000,-0.004184886
7/29/19,3024.469971,3025.610107,3014.300049,3020.969971,3020.969971,3203710000,0.001157228
7/30/19,3007.659912,3017.189941,3000.939941,3013.179932,3013.179932,3634330000,-0.001835321
7/31/19,3016.219971,3017.399902,2958.080078,2980.379883,2980.379883,4623430000,0.011882452
8/1/19,2980.320068,3013.590088,2945.22998,2953.560059,2953.560059,4762300000,0.008978904
8/2/19,2943.899902,2945.5,2914.110107,2932.050049,2932.050049,3874660000,0.004025223
8/5/19,2898.070068,2898.070068,2822.120117,2844.73999,2844.73999,4513730000,0.018401928
8/6/19,2861.179932,2884.399902,2847.419922,2881.77002,2881.77002,4154240000,-0.007196363
8/7/19,2858.649902,2892.169922,2825.709961,2883.97998,2883.97998,4491750000,-0.008860854
8/8/19,2896.209961,2938.719971,2894.469971,2938.090088,2938.090088,4106370000,-0.014460321
8/9/19,2930.51001,2935.75,2900.149902,2918.649902,2918.649902,3350640000,0.004047114
8/12/19,2907.070068,2907.580078,2873.139893,2882.699951,2882.699951,2851630000,0.008383051
8/13/19,2880.719971,2943.310059,2877.050049,2926.320068,2926.320068,3853600000,-0.01582941
8/14/19,2894.149902,2894.149902,2839.639893,2840.600098,2840.600098,4312530000,0.018502775
8/15/19,2846.199951,2856.669922,2825.51001,2847.600098,2847.600098,4038000000,-0.000491936
8/16/19,2864.73999,2893.629883,2864.73999,2888.679932,2888.679932,3498150000,-0.008356759
8/19/19,2913.47998,2931,2913.47998,2923.649902,2923.649902,3212880000,-0.003490644
8/20/19,2919.01001,2923.629883,2899.600098,2900.51001,2900.51001,3066300000,0.006337765
8/21/19,2922.040039,2928.72998,2917.909912,2924.429932,2924.429932,3011190000,-0.000817885
8/22/19,2930.939941,2939.080078,2904.51001,2922.949951,2922.949951,2890880000,0.002726085
8/23/19,2911.070068,2927.01001,2834.969971,2847.110107,2847.110107,3937300000,0.021971289
8/26/19,2866.699951,2879.27002,2856,2878.379883,2878.379883,2857600000,-0.004074348
8/27/19,2893.139893,2898.790039,2860.590088,2869.159912,2869.159912,3533630000,0.008288566
8/28/19,2861.280029,2890.030029,2853.050049,2887.939941,2887.939941,3097420000,-0.009317477
8/29/19,2910.370117,2930.5,2905.669922,2924.580078,2924.580078,3176190000,-0.004882527
8/30/19,2937.090088,2940.429932,2913.320068,2926.459961,2926.459961,3008450000,0.003619272
9/3/19,2909.01001,2914.389893,2891.850098,2906.27002,2906.27002,3426790000,0.000941898
9/4/19,2924.669922,2938.840088,2921.860107,2937.780029,2937.780029,3163260000,-0.004482594
9/5/19,2960.600098,2985.860107,2960.600098,2976,2976,3890700000,-0.005201615
9/6/19,2980.330078,2985.030029,2972.51001,2978.709961,2978.709961,3208280000,0.000543603
9/9/19,2988.429932,2989.429932,2969.389893,2978.429932,2978.429932,4002890000,0.003346239
9/10/19,2971.01001,2979.389893,2957.01001,2979.389893,2979.389893,4390770000,-0.00282055
9/11/19,2981.409912,3000.929932,2975.310059,3000.929932,3000.929932,3927550000,-0.006547245
9/12/19,3009.080078,3020.73999,3000.919922,3009.570068,3009.570068,3791860000,-0.000162837
9/13/19,3012.209961,3017.330078,3002.899902,3007.389893,3007.389893,3520060000,0.001600177
9/16/19,2996.409912,3002.189941,2990.669922,2997.959961,2997.959961,4274640000,-0.000517302
9/17/19,2995.669922,3006.209961,2993.72998,3005.699951,3005.699951,3671840000,-0.003348176
9/18/19,3001.5,3007.830078,2978.570068,3006.72998,3006.72998,3435540000,-0.001742455
9/19/19,3010.360107,3021.98999,3003.159912,3006.790039,3006.790039,3251290000,0.001185927
9/20/19,3008.419922,3016.370117,2984.679932,2992.070068,2992.070068,6094740000,0.005434698
9/23/19,2983.5,2999.149902,2982.22998,2991.780029,2991.780029,3186590000,-0.002775274
9/24/19,3002.429932,3007.97998,2957.72998,2966.600098,2966.600098,3868160000,0.011933612
9/25/19,2968.350098,2989.820068,2952.860107,2984.870117,2984.870117,3318870000,-0.005565388
9/26/19,2985.72998,2987.280029,2963.709961,2977.620117,2977.620117,3077240000,0.002716208
9/27/19,2985.469971,2987.310059,2945.530029,2961.790039,2961.790039,3243650000,0.007931727
9/30/19,2967.070068,2983.850098,2967.070068,2976.73999,2976.73999,3247610000,-0.003259081
10/1/19,2983.689941,2992.530029,2938.699951,2940.25,2940.25,3558040000,0.014559134
10/2/19,2924.780029,2924.780029,2874.929932,2887.610107,2887.610107,3912520000,0.012708621
10/3/19,2885.379883,2911.129883,2855.939941,2910.629883,2910.629883,3503640000,-0.008751014
10/4/19,2918.560059,2953.73999,2918.560059,2952.01001,2952.01001,2990830000,-0.011461114
10/7/19,2944.22998,2959.75,2935.679932,2938.790039,2938.790039,2940140000,0.001847662
10/8/19,2920.399902,2925.469971,2892.659912,2893.060059,2893.060059,3356450000,0.009361678
10/9/19,2911.100098,2929.320068,2907.409912,2919.399902,2919.399902,2726820000,-0.002851088
10/10/19,2918.550049,2948.459961,2917.120117,2938.129883,2938.129883,3217250000,-0.006708754
10/11/19,2963.070068,2993.280029,2963.070068,2970.27002,2970.27002,3580460000,-0.002429896
10/14/19,2965.810059,2972.840088,2962.939941,2966.149902,2966.149902,2557020000,-0.000114587
10/15/19,2973.610107,3003.280029,2973.610107,2995.679932,2995.679932,3340740000,-0.007421896
10/16/19,2989.679932,2997.540039,2985.199951,2989.689941,2989.689941,3222570000,-3.35E-06
10/17/19,3000.77002,3008.290039,2991.790039,2997.949951,2997.949951,3115960000,0.000939782
10/18/19,2996.840088,3000,2976.310059,2986.199951,2986.199951,3264290000,0.003550452
10/21/19,2996.47998,3007.330078,2995.350098,3006.719971,3006.719971,3271620000,-0.00341734
10/22/19,3010.72998,3014.570068,2995.040039,2995.98999,2995.98999,3523890000,0.004895819
10/23/19,2994.01001,3004.780029,2991.209961,3004.52002,3004.52002,3392870000,-0.003510346
10/24/19,3014.780029,3016.070068,3000.419922,3010.290039,3010.290039,3692600000,0.001489326
10/25/19,3003.320068,3027.389893,3001.939941,3022.550049,3022.550049,3370370000,-0.006402908
10/28/19,3032.120117,3044.080078,3032.120117,3039.419922,3039.419922,3521230000,-0.002407492
10/29/19,3035.389893,3047.870117,3034.810059,3036.889893,3036.889893,3589930000,-0.00049417
10/30/19,3039.73999,3050.100098,3025.959961,3046.77002,3046.77002,3776030000,-0.002312708
10/31/19,3046.899902,3046.899902,3023.189941,3037.560059,3037.560059,4139280000,0.003065359