Compound,Count,Date,Open,High,Low,Close,Adj Close,Volume,Avg Return
0.06847272727272728,11,2017-01-20,2269.959961,2276.959961,2265.01001,2271.310059,2271.310059,3524970000.0,0.059476732000000004
0.4368666666666667,3,2017-01-21,2269.959961,2276.959961,2265.01001,2271.310059,2271.310059,3524970000.0,0.059476732000000004
0.2444,4,2017-01-22,2269.959961,2276.959961,2265.01001,2271.310059,2271.310059,3524970000.0,0.059476732000000004
0.4939,1,2017-01-23,2267.780029,2271.780029,2257.02002,2265.199951,2265.199951,3152710000.0,-0.11377108699999999
0.354225,4,2017-01-24,2267.8798829999996,2284.6298829999996,2266.679932,2280.070068,2280.070068,3810960000.0,0.537514579
0.05888750000000001,8,2017-01-25,2288.8798829999996,2299.550049,2288.8798829999996,2298.3701170000004,2298.3701170000004,3846020000.0,0.414623505
0.08081818181818184,11,2017-01-26,2298.6298829999996,2300.98999,2294.080078,2296.679932,2296.679932,3610360000.0,-0.084831012
0.28715714285714283,7,2017-01-27,2299.02002,2299.02002,2291.6201170000004,2294.689941,2294.689941,3135890000.0,-0.188344554
-0.09001999999999999,5,2017-01-28,2299.02002,2299.02002,2291.6201170000004,2294.689941,2294.689941,3135890000.0,-0.188344554
-0.40337142857142855,7,2017-01-29,2299.02002,2299.02002,2291.6201170000004,2294.689941,2294.689941,3135890000.0,-0.188344554
-0.15691428571428573,7,2017-01-30,2286.01001,2286.01001,2268.040039,2280.899902,2280.899902,3591270000.0,-0.223538304
-0.03643333333333332,3,2017-01-31,2274.02002,2279.090088,2267.209961,2278.8701170000004,2278.8701170000004,4087450000.0,0.21328295100000003
0.2683,4,2017-02-01,2285.590088,2289.139893,2272.439941,2279.550049,2279.550049,3916610000.0,-0.264266066
0.041025000000000034,8,2017-02-02,2276.689941,2283.969971,2271.649902,2280.850098,2280.850098,3807710000.0,0.182728308
-0.16777142857142863,7,2017-02-03,2288.540039,2298.310059,2287.8798829999996,2297.419922,2297.419922,3597970000.0,0.38801519100000004
-0.4823,9,2017-02-04,2288.540039,2298.310059,2287.8798829999996,2297.419922,2297.419922,3597970000.0,0.38801519100000004
0.18611666666666668,6,2017-02-05,2288.540039,2298.310059,2287.8798829999996,2297.419922,2297.419922,3597970000.0,0.38801519100000004
-0.03983333333333335,6,2017-02-06,2294.280029,2296.179932,2288.570068,2292.560059,2292.560059,3109050000.0,-0.074967745
-0.5124000000000001,5,2017-02-07,2295.8701170000004,2299.399902,2290.159912,2293.080078,2293.080078,3448690000.0,-0.12152425300000001
0.1390727272727273,11,2017-02-08,2289.550049,2295.909912,2285.3798829999996,2294.669922,2294.669922,3609740000.0,0.223619178
0.24795,8,2017-02-09,2296.699951,2311.080078,2296.610107,2307.8701170000004,2307.8701170000004,3677940000.0,0.486357219
-0.16786666666666664,3,2017-02-10,2312.27002,2319.22998,2311.100098,2316.100098,2316.100098,3475020000.0,0.16564146800000001
0.45370000000000005,9,2017-02-11,2312.27002,2319.22998,2311.100098,2316.100098,2316.100098,3475020000.0,0.16564146800000001
-0.13662222222222223,9,2017-02-12,2312.27002,2319.22998,2311.100098,2316.100098,2316.100098,3475020000.0,0.16564146800000001
0.3987,3,2017-02-13,2321.719971,2331.580078,2321.419922,2328.25,2328.25,3349730000.0,0.281258252
0.23285,6,2017-02-14,2326.1201170000004,2337.580078,2322.169922,2337.580078,2337.580078,3520910000.0,0.492664197
0.01759999999999999,11,2017-02-15,2335.580078,2351.300049,2334.810059,2349.25,2349.25,3775590000.0,0.58529023
-0.18966666666666665,6,2017-02-16,2349.639893,2351.310059,2338.8701170000004,2347.219971,2347.219971,3672370000.0,-0.102991186
-0.1493625,8,2017-02-17,2343.01001,2351.159912,2339.580078,2351.159912,2351.159912,3513060000.0,0.347838975
0.0061249999999999916,4,2017-02-18,2343.01001,2351.159912,2339.580078,2351.159912,2351.159912,3513060000.0,0.347838975
0.0,1,2017-02-19,2343.01001,2351.159912,2339.580078,2351.159912,2351.159912,3513060000.0,0.347838975
0.40725000000000006,4,2017-02-20,2343.01001,2351.159912,2339.580078,2351.159912,2351.159912,3513060000.0,0.347838975
-0.05206666666666667,3,2017-02-21,2354.909912,2366.709961,2354.909912,2365.3798829999996,2365.3798829999996,3579780000.0,0.444601764
0.63715,2,2017-02-22,2361.110107,2365.1298829999996,2358.340088,2362.820068,2362.820068,3468670000.0,0.072421908
0.0,1,2017-02-23,2367.5,2368.26001,2355.090088,2363.810059,2363.810059,4015260000.0,-0.15585812
-0.2536833333333333,6,2017-02-24,2355.72998,2367.340088,2352.8701170000004,2367.340088,2367.340088,3831570000.0,0.492845449
0.3075285714285715,7,2017-02-25,2355.72998,2367.340088,2352.8701170000004,2367.340088,2367.340088,3831570000.0,0.492845449
-0.505125,4,2017-02-26,2355.72998,2367.340088,2352.8701170000004,2367.340088,2367.340088,3831570000.0,0.492845449
0.6501,2,2017-02-27,2365.22998,2371.540039,2361.8701170000004,2369.75,2369.75,3582610000.0,0.19110277
0.5411,1,2017-02-28,2366.080078,2367.790039,2358.959961,2363.639893,2363.639893,4210140000.0,-0.10313197
0.23863333333333334,3,2017-03-01,2380.1298829999996,2400.97998,2380.1298829999996,2395.959961,2395.959961,4345180000.0,0.665093032
0.7734,1,2017-03-02,2394.75,2394.75,2380.169922,2381.919922,2381.919922,3821320000.0,-0.535758555
-0.0693846153846154,13,2017-03-03,2380.919922,2383.889893,2375.389893,2383.1201170000004,2383.1201170000004,3555260000.0,0.09240945
-0.26825714285714286,7,2017-03-04,2380.919922,2383.889893,2375.389893,2383.1201170000004,2383.1201170000004,3555260000.0,0.09240945
0.3667666666666667,3,2017-03-05,2380.919922,2383.889893,2375.389893,2383.1201170000004,2383.1201170000004,3555260000.0,0.09240945
0.43547499999999995,4,2017-03-06,2375.22998,2378.800049,2367.97998,2375.310059,2375.310059,3232700000.0,0.003371421
0.21246250000000003,8,2017-03-07,2370.73999,2375.1201170000004,2365.51001,2368.389893,2368.389893,3518390000.0,-0.09912926
0.6286333333333333,6,2017-03-08,2369.810059,2373.090088,2361.01001,2362.97998,2362.97998,3812100000.0,-0.28821208600000003
0.628625,4,2017-03-09,2363.48999,2369.080078,2354.540039,2364.8701170000004,2364.8701170000004,3716340000.0,0.058393605
0.055733333333333336,3,2017-03-10,2372.52002,2376.860107,2363.040039,2372.600098,2372.600098,3432950000.0,0.00337523
0.6239,1,2017-03-11,2372.52002,2376.860107,2363.040039,2372.600098,2372.600098,3432950000.0,0.00337523
0.0,1,2017-03-12,2372.52002,2376.860107,2363.040039,2372.600098,2372.600098,3432950000.0,0.00337523
0.159,5,2017-03-13,2371.560059,2374.419922,2368.52002,2373.469971,2373.469971,3133900000.0,0.080533992
0.4516,2,2017-03-14,2368.550049,2368.550049,2358.179932,2365.449951,2365.449951,3172630000.0,-0.130885898
0.20724285714285715,7,2017-03-15,2370.340088,2390.01001,2368.939941,2385.26001,2385.26001,3906840000.0,0.6294422510000001
0.6833428571428571,7,2017-03-16,2387.709961,2388.100098,2377.179932,2381.3798829999996,2381.3798829999996,3365660000.0,-0.265110843
0.3481222222222222,9,2017-03-17,2383.709961,2385.709961,2377.639893,2378.25,2378.25,5178040000.0,-0.22905307600000002
0.5183,2,2017-03-18,2383.709961,2385.709961,2377.639893,2378.25,2378.25,5178040000.0,-0.22905307600000002
0.0,1,2017-03-19,2383.709961,2385.709961,2377.639893,2378.25,2378.25,5178040000.0,-0.22905307600000002
-0.01361428571428569,7,2017-03-20,2378.23999,2379.550049,2369.659912,2373.469971,2373.469971,3054930000.0,-0.20056928699999998
0.623175,4,2017-03-21,2379.320068,2381.929932,2341.899902,2344.02002,2344.02002,4265590000.0,-1.483619143
-0.1759,1,2017-03-22,2343.0,2351.810059,2336.449951,2348.449951,2348.449951,3572730000.0,0.232605676
-0.10664285714285718,7,2017-03-23,2345.969971,2358.919922,2342.1298829999996,2345.959961,2345.959961,3260600000.0,-0.000426689
0.44315000000000004,4,2017-03-24,2350.419922,2356.219971,2335.73999,2343.97998,2343.97998,2975130000.0,-0.27399112600000003
0.635375,4,2017-03-25,2350.419922,2356.219971,2335.73999,2343.97998,2343.97998,2975130000.0,-0.27399112600000003
0.9392,1,2017-03-26,2350.419922,2356.219971,2335.73999,2343.97998,2343.97998,2975130000.0,-0.27399112600000003
0.6249,1,2017-03-27,2329.110107,2344.899902,2322.25,2341.590088,2341.590088,3240230000.0,0.535826149
0.3726999999999999,10,2017-03-28,2339.790039,2363.780029,2337.6298829999996,2358.570068,2358.570068,3367780000.0,0.80263736
-0.125025,4,2017-03-29,2356.540039,2363.360107,2352.939941,2361.1298829999996,2361.1298829999996,3106940000.0,0.194770465
0.07002222222222222,9,2017-03-30,2361.310059,2370.419922,2358.580078,2368.060059,2368.060059,3158420000.0,0.285858266
0.44715,8,2017-03-31,2364.820068,2370.350098,2362.600098,2362.719971,2362.719971,3354110000.0,-0.088805784
-0.17045000000000002,8,2017-04-01,2364.820068,2370.350098,2362.600098,2362.719971,2362.719971,3354110000.0,-0.088805784
-0.1922,3,2017-04-02,2364.820068,2370.350098,2362.600098,2362.719971,2362.719971,3354110000.0,-0.088805784
0.45973749999999997,8,2017-04-03,2362.340088,2365.8701170000004,2344.72998,2358.840088,2358.840088,3416400000.0,-0.148158177
0.41374999999999995,4,2017-04-04,2354.76001,2360.530029,2350.719971,2360.159912,2360.159912,3206240000.0,0.22931857100000003
0.8991,1,2017-04-05,2366.590088,2378.360107,2350.52002,2352.949951,2352.949951,3770520000.0,-0.576362466
0.391,2,2017-04-06,2353.790039,2364.159912,2348.899902,2357.48999,2357.48999,3201920000.0,0.157191208
0.7878,1,2017-04-07,2356.590088,2363.76001,2350.73999,2355.540039,2355.540039,3053150000.0,-0.044557982999999995
0.7036800000000001,5,2017-04-08,2356.590088,2363.76001,2350.73999,2355.540039,2355.540039,3053150000.0,-0.044557982999999995
-0.17049999999999998,2,2017-04-09,2356.590088,2363.76001,2350.73999,2355.540039,2355.540039,3053150000.0,-0.044557982999999995
0.7533,3,2017-04-10,2357.159912,2366.3701170000004,2351.5,2357.159912,2357.159912,2785410000.0,0.0
0.52906,5,2017-04-11,2353.919922,2355.219971,2337.25,2353.780029,2353.780029,3117420000.0,-0.00594298
0.6077,6,2017-04-12,2352.149902,2352.719971,2341.179932,2344.929932,2344.929932,3196950000.0,-0.30695195
0.8251000000000001,4,2017-04-13,2341.97998,2348.26001,2328.949951,2328.949951,2328.949951,3143890000.0,-0.556368078
-0.31353333333333333,3,2017-04-14,2341.97998,2348.26001,2328.949951,2328.949951,2328.949951,3143890000.0,-0.556368078
0.18826,5,2017-04-16,2341.97998,2348.26001,2328.949951,2328.949951,2328.949951,3143890000.0,-0.556368078
0.3113875,8,2017-04-17,2332.6201170000004,2349.139893,2332.51001,2349.01001,2349.01001,2824710000.0,0.702638757
-0.11095714285714287,7,2017-04-18,2342.530029,2348.350098,2334.540039,2342.189941,2342.189941,3269840000.0,-0.014517978
0.301175,4,2017-04-19,2346.790039,2352.6298829999996,2335.050049,2338.169922,2338.169922,3519900000.0,-0.36731522
0.25092499999999995,4,2017-04-20,2342.689941,2361.3701170000004,2340.909912,2355.840088,2355.840088,3647420000.0,0.5613268220000001
-0.2853800000000001,5,2017-04-21,2354.73999,2356.179932,2344.51001,2348.689941,2348.689941,3503360000.0,-0.25693066
0.28313000000000005,10,2017-04-22,2354.73999,2356.179932,2344.51001,2348.689941,2348.689941,3503360000.0,-0.25693066
-0.14331428571428573,7,2017-04-23,2354.73999,2356.179932,2344.51001,2348.689941,2348.689941,3503360000.0,-0.25693066
-0.1289857142857143,7,2017-04-24,2370.330078,2376.97998,2369.189941,2374.149902,2374.149902,3690650000.0,0.161151564
0.3101,5,2017-04-25,2381.51001,2392.47998,2381.149902,2388.610107,2388.610107,3995240000.0,0.29813425
-0.16504444444444444,9,2017-04-26,2388.97998,2398.159912,2386.780029,2387.449951,2387.449951,4105920000.0,-0.064045283
0.15834166666666663,12,2017-04-27,2389.699951,2392.100098,2382.679932,2388.77002,2388.77002,4098460000.0,-0.038914132000000004
0.06165000000000001,4,2017-04-28,2393.679932,2393.679932,2382.360107,2384.199951,2384.199951,3718270000.0,-0.39604213
0.45884,5,2017-04-29,2393.679932,2393.679932,2382.360107,2384.199951,2384.199951,3718270000.0,-0.39604213
0.31486000000000003,5,2017-04-30,2393.679932,2393.679932,2382.360107,2384.199951,2384.199951,3718270000.0,-0.39604213
0.6558999999999999,2,2017-05-01,2388.5,2394.48999,2384.830078,2388.330078,2388.330078,3199240000.0,-0.007114171999999999
0.0471,4,2017-05-02,2391.050049,2392.929932,2385.820068,2391.169922,2391.169922,3813680000.0,0.005013404
0.5636249999999999,4,2017-05-03,2386.5,2389.820068,2379.75,2388.1298829999996,2388.1298829999996,3893990000.0,0.06829595599999999
0.07747,10,2017-05-04,2389.790039,2391.429932,2380.350098,2389.52002,2389.52002,4362540000.0,-0.011298859
0.22340999999999997,10,2017-05-05,2392.3701170000004,2399.290039,2389.3798829999996,2399.290039,2399.290039,3540140000.0,0.289249642
0.3876,1,2017-05-06,2392.3701170000004,2399.290039,2389.3798829999996,2399.290039,2399.290039,3540140000.0,0.289249642
-0.36725,6,2017-05-07,2392.3701170000004,2399.290039,2389.3798829999996,2399.290039,2399.290039,3540140000.0,0.289249642
-0.03436000000000001,10,2017-05-08,2399.939941,2401.360107,2393.919922,2399.3798829999996,2399.3798829999996,3429440000.0,-0.023336334
0.45545,2,2017-05-09,2401.580078,2403.8701170000004,2392.439941,2396.919922,2396.919922,3653590000.0,-0.19404541399999997
-0.039554545454545446,11,2017-05-10,2396.790039,2399.73999,2392.790039,2399.6298829999996,2399.6298829999996,3643530000.0,0.118485306
0.05518333333333334,6,2017-05-11,2394.840088,2395.719971,2381.73999,2394.439941,2394.439941,3727420000.0,-0.016708715
0.25322222222222224,9,2017-05-12,2392.439941,2392.439941,2387.189941,2390.899902,2390.899902,3305630000.0,-0.064371062
0.339075,4,2017-05-13,2392.439941,2392.439941,2387.189941,2390.899902,2390.899902,3305630000.0,-0.064371062
0.9501,1,2017-05-14,2392.439941,2392.439941,2387.189941,2390.899902,2390.899902,3305630000.0,-0.064371062
0.594,1,2017-05-15,2393.97998,2404.050049,2393.939941,2402.320068,2402.320068,3473600000.0,0.348377517
0.13294999999999998,6,2017-05-16,2404.550049,2405.77002,2396.050049,2400.669922,2400.669922,3420790000.0,-0.161366032
0.9272,1,2017-05-17,2382.949951,2384.8701170000004,2356.209961,2357.030029,2357.030029,4163000000.0,-1.087724146
-0.023474999999999968,4,2017-05-18,2354.689941,2375.73999,2352.719971,2365.719971,2365.719971,4319420000.0,0.46842812799999994
0.2707333333333333,3,2017-05-19,2371.3701170000004,2389.060059,2370.429932,2381.72998,2381.72998,3825160000.0,0.436872461
0.7683,2,2017-05-20,2371.3701170000004,2389.060059,2370.429932,2381.72998,2381.72998,3825160000.0,0.436872461
0.20663333333333334,3,2017-05-21,2371.3701170000004,2389.060059,2370.429932,2381.72998,2381.72998,3825160000.0,0.436872461
0.21645,2,2017-05-22,2387.209961,2395.459961,2386.919922,2394.02002,2394.02002,3172830000.0,0.285272729
0.77535,4,2017-05-23,2397.040039,2400.850098,2393.8798829999996,2398.419922,2398.419922,3213570000.0,0.057566122000000004
0.7471,2,2017-05-24,2401.409912,2405.580078,2397.98999,2404.389893,2404.389893,3389900000.0,0.124092975
0.4629,4,2017-05-25,2409.540039,2418.709961,2408.01001,2415.070068,2415.070068,3535390000.0,0.22950558699999998
0.30460000000000004,4,2017-05-26,2414.5,2416.679932,2412.199951,2415.820068,2415.820068,2805040000.0,0.05467252
0.18385714285714286,7,2017-05-27,2414.5,2416.679932,2412.199951,2415.820068,2415.820068,2805040000.0,0.05467252
-0.03343333333333333,12,2017-05-28,2414.5,2416.679932,2412.199951,2415.820068,2415.820068,2805040000.0,0.05467252
0.43650000000000005,6,2017-05-29,2414.5,2416.679932,2412.199951,2415.820068,2415.820068,2805040000.0,0.05467252
-0.08089999999999999,5,2017-05-30,2411.669922,2415.26001,2409.429932,2412.909912,2412.909912,3203160000.0,0.05141624
0.29188888888888886,9,2017-05-31,2415.6298829999996,2415.98999,2403.590088,2411.800049,2411.800049,4516110000.0,-0.15854390699999998
0.15958,5,2017-06-01,2415.649902,2430.060059,2413.540039,2430.060059,2430.060059,3857140000.0,0.596533338
0.18992,10,2017-06-02,2431.280029,2440.22998,2427.709961,2439.070068,2439.070068,3461680000.0,0.320408958
0.09742499999999998,4,2017-06-03,2431.280029,2440.22998,2427.709961,2439.070068,2439.070068,3461680000.0,0.320408958
-0.4111333333333333,3,2017-06-04,2431.280029,2440.22998,2427.709961,2439.070068,2439.070068,3461680000.0,0.320408958
0.1075125,8,2017-06-05,2437.830078,2439.550049,2434.320068,2436.100098,2436.100098,2912600000.0,-0.07096392900000001
-0.23494,10,2017-06-06,2431.919922,2436.209961,2428.1201170000004,2429.330078,2429.330078,3357840000.0,-0.10649380300000001
0.39764,5,2017-06-07,2432.030029,2435.280029,2424.75,2433.139893,2433.139893,3572300000.0,0.045635292
0.5938142857142857,7,2017-06-09,2436.389893,2446.199951,2415.699951,2431.77002,2431.77002,4027340000.0,-0.189619609
0.0,2,2017-06-10,2436.389893,2446.199951,2415.699951,2431.77002,2431.77002,4027340000.0,-0.189619609
-0.22585000000000002,4,2017-06-11,2436.389893,2446.199951,2415.699951,2431.77002,2431.77002,4027340000.0,-0.189619609
0.1805875,8,2017-06-12,2425.8798829999996,2430.3798829999996,2419.969971,2429.389893,2429.389893,4027750000.0,0.144690181
-0.14507000000000003,10,2017-06-13,2434.149902,2441.48999,2431.280029,2440.350098,2440.350098,3275500000.0,0.25471709800000003
0.5673250000000001,4,2017-06-14,2443.75,2443.75,2428.340088,2437.919922,2437.919922,3555590000.0,-0.238570967
0.21961428571428573,7,2017-06-15,2424.139893,2433.949951,2418.530029,2432.459961,2432.459961,3353050000.0,0.343217321
0.08009999999999999,7,2017-06-16,2431.23999,2433.149902,2422.8798829999996,2433.149902,2433.149902,5284720000.0,0.078557115
0.43920000000000003,3,2017-06-17,2431.23999,2433.149902,2422.8798829999996,2433.149902,2433.149902,5284720000.0,0.078557115
0.3863285714285714,7,2017-06-18,2431.23999,2433.149902,2422.8798829999996,2433.149902,2433.149902,5284720000.0,0.078557115
0.08845384615384615,13,2017-06-19,2442.550049,2453.820068,2441.790039,2453.459961,2453.459961,3264700000.0,0.446660735
-0.019433333333333358,6,2017-06-20,2450.659912,2450.659912,2436.600098,2437.030029,2437.030029,3416510000.0,-0.556171949
0.7432555555555554,9,2017-06-21,2439.310059,2442.22998,2430.73999,2435.610107,2435.610107,3594820000.0,-0.15168026699999998
0.1347846153846154,13,2017-06-22,2437.399902,2441.6201170000004,2433.27002,2434.5,2434.5,3468210000.0,-0.118975224
0.3127285714285714,7,2017-06-23,2434.649902,2441.399902,2431.110107,2438.300049,2438.300049,5278330000.0,0.14992492300000002
-0.08611666666666666,6,2017-06-24,2434.649902,2441.399902,2431.110107,2438.300049,2438.300049,5278330000.0,0.14992492300000002
0.009550000000000003,2,2017-06-25,2434.649902,2441.399902,2431.110107,2438.300049,2438.300049,5278330000.0,0.14992492300000002
-0.0893888888888889,9,2017-06-26,2443.320068,2450.419922,2437.030029,2439.070068,2439.070068,3238970000.0,-0.173943646
-0.06095000000000002,14,2017-06-27,2436.340088,2440.149902,2419.3798829999996,2419.3798829999996,2419.3798829999996,3563910000.0,-0.6961345459999999
-0.02884444444444442,9,2017-06-28,2428.699951,2442.969971,2428.02002,2440.689941,2440.689941,3500800000.0,0.493679345
-0.07576153846153842,13,2017-06-29,2442.3798829999996,2442.72998,2405.699951,2419.699951,2419.699951,3900280000.0,-0.928599689
-0.019371428571428578,7,2017-06-30,2429.199951,2432.709961,2421.649902,2423.409912,2423.409912,3361590000.0,-0.23835168399999998
0.15016363636363636,11,2017-07-01,2429.199951,2432.709961,2421.649902,2423.409912,2423.409912,3361590000.0,-0.23835168399999998
0.13920000000000002,4,2017-07-02,2429.199951,2432.709961,2421.649902,2423.409912,2423.409912,3361590000.0,-0.23835168399999998
0.5193,10,2017-07-03,2431.389893,2439.169922,2428.689941,2429.01001,2429.01001,1962290000.0,-0.09788158599999999
0.19526666666666662,6,2017-07-04,2431.389893,2439.169922,2428.689941,2429.01001,2429.01001,1962290000.0,-0.09788158599999999
0.13929999999999998,5,2017-07-05,2430.780029,2434.899902,2422.050049,2432.540039,2432.540039,3367220000.0,0.072405153
0.384725,4,2017-07-06,2423.439941,2424.280029,2407.699951,2409.75,2409.75,3364520000.0,-0.564897061
0.42237142857142856,7,2017-07-07,2413.52002,2426.919922,2413.52002,2425.179932,2425.179932,2901330000.0,0.483108153
0.40122500000000005,4,2017-07-08,2413.52002,2426.919922,2413.52002,2425.179932,2425.179932,2901330000.0,0.483108153
0.2265090909090909,11,2017-07-09,2413.52002,2426.919922,2413.52002,2425.179932,2425.179932,2901330000.0,0.483108153
-0.2088636363636364,11,2017-07-10,2424.51001,2432.0,2422.27002,2427.429932,2427.429932,2999130000.0,0.120433489
-0.11078571428571428,7,2017-07-11,2427.350098,2429.300049,2412.790039,2425.530029,2425.530029,3106750000.0,-0.074981726
0.3375785714285714,14,2017-07-12,2435.75,2445.76001,2435.75,2443.25,2443.25,3171620000.0,0.30791337399999996
0.6091249999999999,4,2017-07-13,2444.98999,2449.320068,2441.689941,2447.830078,2447.830078,3067670000.0,0.116159494
0.3048818181818182,11,2017-07-14,2449.159912,2463.540039,2446.689941,2459.27002,2459.27002,2736640000.0,0.412799015
0.47404999999999997,8,2017-07-15,2449.159912,2463.540039,2446.689941,2459.27002,2459.27002,2736640000.0,0.412799015
0.3296625,8,2017-07-16,2449.159912,2463.540039,2446.689941,2459.27002,2459.27002,2736640000.0,0.412799015
0.6501,3,2017-07-17,2459.5,2462.820068,2457.159912,2459.139893,2459.139893,2793170000.0,-0.014641471999999999
0.07131999999999998,5,2017-07-18,2455.8798829999996,2460.919922,2450.340088,2460.610107,2460.610107,2962130000.0,0.192608117
-0.40847999999999995,5,2017-07-19,2463.850098,2473.830078,2463.850098,2473.830078,2473.830078,3059760000.0,0.405056298
0.33226666666666665,3,2017-07-20,2475.560059,2477.6201170000004,2468.429932,2473.449951,2473.449951,3182780000.0,-0.085237601
0.48999999999999994,7,2017-07-21,2467.399902,2472.540039,2465.060059,2472.540039,2472.540039,3059570000.0,0.208322007
0.08191428571428572,14,2017-07-22,2467.399902,2472.540039,2465.060059,2472.540039,2472.540039,3059570000.0,0.208322007
-0.07456,5,2017-07-23,2467.399902,2472.540039,2465.060059,2472.540039,2472.540039,3059570000.0,0.208322007
-0.07974444444444444,9,2017-07-24,2472.040039,2473.100098,2466.320068,2469.909912,2469.909912,3010240000.0,-0.08616879
0.04362631578947368,19,2017-07-25,2477.8798829999996,2481.23999,2474.909912,2477.1298829999996,2477.1298829999996,4108060000.0,-0.030267811000000002
0.4999666666666667,12,2017-07-26,2479.969971,2481.689941,2474.939941,2477.830078,2477.830078,3557020000.0,-0.086287053
0.397825,4,2017-07-27,2482.76001,2484.040039,2459.929932,2475.419922,2475.419922,3995520000.0,-0.295642268
-0.7184,1,2017-07-27,2482.76001,2484.040039,2459.929932,2475.419922,2475.419922,3995520000.0,-0.295642268
0.5534800000000001,5,2017-07-27,2482.76001,2484.040039,2459.929932,2475.419922,2475.419922,3995520000.0,-0.295642268
0.6061000000000001,9,2017-07-28,2469.1201170000004,2473.530029,2464.659912,2472.100098,2472.100098,3294770000.0,0.120689997
0.0897642857142857,14,2017-07-29,2469.1201170000004,2473.530029,2464.659912,2472.100098,2472.100098,3294770000.0,0.120689997
0.0,1,2017-07-30,2469.1201170000004,2473.530029,2464.659912,2472.100098,2472.100098,3294770000.0,0.120689997
0.424325,4,2017-07-31,2475.939941,2477.959961,2468.530029,2470.300049,2470.300049,3469210000.0,-0.227787916
-0.10486666666666668,3,2017-08-01,2477.100098,2478.51001,2471.139893,2476.350098,2476.350098,3460860000.0,-0.030277339
0.3724,4,2017-08-02,2480.3798829999996,2480.3798829999996,2466.47998,2477.570068,2477.570068,3478580000.0,-0.11328164
0.39349,10,2017-08-03,2476.030029,2476.030029,2468.850098,2472.159912,2472.159912,3645020000.0,-0.156303314
0.441,16,2017-08-04,2476.8798829999996,2480.0,2472.080078,2476.830078,2476.830078,3235140000.0,-0.002010796
0.26156666666666667,9,2017-08-05,2476.8798829999996,2480.0,2472.080078,2476.830078,2476.830078,3235140000.0,-0.002010796
0.8068500000000001,2,2017-08-06,2476.8798829999996,2480.0,2472.080078,2476.830078,2476.830078,3235140000.0,-0.002010796
0.29193125000000003,16,2017-08-07,2477.139893,2480.949951,2475.8798829999996,2480.909912,2480.909912,2931780000.0,0.152192414
-0.23620000000000002,8,2017-08-08,2478.350098,2490.8701170000004,2470.320068,2474.919922,2474.919922,3344640000.0,-0.138405627
-0.1479818181818182,11,2017-08-09,2465.350098,2474.409912,2462.080078,2474.02002,2474.02002,3308060000.0,0.351671027
0.16077777777777777,9,2017-08-10,2465.3798829999996,2465.3798829999996,2437.75,2438.209961,2438.209961,3621070000.0,-1.102058234
0.40785,8,2017-08-11,2441.040039,2448.090088,2437.850098,2441.320068,2441.320068,3159930000.0,0.011471708999999998
0.038133333333333325,9,2017-08-12,2441.040039,2448.090088,2437.850098,2441.320068,2441.320068,3159930000.0,0.011471708999999998
-0.11245,4,2017-08-13,2441.040039,2448.090088,2437.850098,2441.320068,2441.320068,3159930000.0,0.011471708999999998
0.012188888888888891,9,2017-08-14,2454.959961,2468.219971,2454.959961,2465.840088,2465.840088,2822550000.0,0.443189591
0.06856999999999999,10,2017-08-15,2468.659912,2468.899902,2461.610107,2464.610107,2464.610107,2913100000.0,-0.164048721
0.2929066666666667,15,2017-08-16,2468.6298829999996,2474.929932,2463.860107,2468.110107,2468.110107,2953650000.0,-0.021055242000000002
0.012783333333333341,12,2017-08-17,2462.949951,2465.02002,2430.01001,2430.01001,2430.01001,3142620000.0,-1.337418204
0.3205625,8,2017-08-18,2427.639893,2440.27002,2420.689941,2425.550049,2425.550049,3415680000.0,-0.08608542
0.39695,10,2017-08-19,2427.639893,2440.27002,2420.689941,2425.550049,2425.550049,3415680000.0,-0.08608542
-0.9211,1,2017-08-20,2427.639893,2440.27002,2420.689941,2425.550049,2425.550049,3415680000.0,-0.08608542
0.1968,3,2017-08-21,2425.5,2430.580078,2417.350098,2428.3701170000004,2428.3701170000004,2788150000.0,0.118330942
0.40725,8,2017-08-22,2433.75,2454.77002,2433.669922,2452.51001,2452.51001,2777490000.0,0.7708273240000001
0.30235999999999996,10,2017-08-23,2444.8798829999996,2448.909912,2441.419922,2444.040039,2444.040039,2785290000.0,-0.034351135
0.2778066666666667,15,2017-08-24,2447.909912,2450.389893,2436.189941,2438.969971,2438.969971,2846590000.0,-0.36520710799999995
0.3785214285714286,14,2017-08-25,2444.719971,2453.959961,2442.219971,2443.050049,2443.050049,2588780000.0,-0.068307292
0.3760666666666666,12,2017-08-26,2444.719971,2453.959961,2442.219971,2443.050049,2443.050049,2588780000.0,-0.068307292
0.3588818181818182,11,2017-08-27,2444.719971,2453.959961,2442.219971,2443.050049,2443.050049,2588780000.0,-0.068307292
-0.07149999999999998,4,2017-08-28,2447.350098,2449.1201170000004,2439.030029,2444.23999,2444.23999,2677700000.0,-0.127080633
0.25531666666666664,6,2017-08-29,2431.939941,2449.189941,2428.199951,2446.300049,2446.300049,2737580000.0,0.590479549
-0.13814,5,2017-08-30,2446.060059,2460.310059,2443.77002,2457.590088,2457.590088,2633660000.0,0.471371459
0.73532,5,2017-08-31,2462.649902,2475.01001,2462.649902,2471.649902,2471.649902,3348110000.0,0.36545998700000004
0.35695714285714286,7,2017-09-01,2474.419922,2480.3798829999996,2473.850098,2476.550049,2476.550049,2710730000.0,0.086085914
0.503775,4,2017-09-02,2474.419922,2480.3798829999996,2473.850098,2476.550049,2476.550049,2710730000.0,0.086085914
0.3802384615384616,13,2017-09-03,2474.419922,2480.3798829999996,2473.850098,2476.550049,2476.550049,2710730000.0,0.086085914
0.6114,1,2017-09-04,2474.419922,2480.3798829999996,2473.850098,2476.550049,2476.550049,2710730000.0,0.086085914
0.18935000000000002,6,2017-09-05,2470.350098,2471.969971,2446.550049,2457.850098,2457.850098,3490260000.0,-0.506001154
0.2109875,8,2017-09-06,2463.830078,2469.639893,2459.199951,2465.540039,2465.540039,3374410000.0,0.069402554
0.36474999999999996,12,2017-09-07,2468.060059,2468.6201170000004,2460.290039,2465.100098,2465.100098,3353930000.0,-0.119930671
0.42432499999999995,8,2017-09-08,2462.25,2467.110107,2459.399902,2461.429932,2461.429932,3302490000.0,-0.033305635
0.16680000000000003,3,2017-09-09,2462.25,2467.110107,2459.399902,2461.429932,2461.429932,3302490000.0,-0.033305635
0.44431818181818183,11,2017-09-10,2462.25,2467.110107,2459.399902,2461.429932,2461.429932,3302490000.0,-0.033305635
0.38585,2,2017-09-11,2474.52002,2488.949951,2474.52002,2488.110107,2488.110107,3291760000.0,0.549200932
0.5808,5,2017-09-12,2491.939941,2496.77002,2490.3701170000004,2496.47998,2496.47998,3230920000.0,0.18218894100000002
0.16213333333333332,3,2017-09-13,2493.889893,2498.3701170000004,2492.139893,2498.3701170000004,2498.3701170000004,3368050000.0,0.179648027
0.15917692307692308,13,2017-09-14,2494.560059,2498.429932,2491.350098,2495.6201170000004,2495.6201170000004,3414460000.0,0.042494788
-0.16214285714285714,14,2017-09-15,2495.669922,2500.22998,2493.159912,2500.22998,2500.22998,4853170000.0,0.182718795
0.8386999999999999,3,2017-09-16,2495.669922,2500.22998,2493.159912,2500.22998,2500.22998,4853170000.0,0.182718795
0.11649333333333338,15,2017-09-17,2495.669922,2500.22998,2493.159912,2500.22998,2500.22998,4853170000.0,0.182718795
0.68944,5,2017-09-18,2502.51001,2508.320068,2499.919922,2503.8701170000004,2503.8701170000004,3194300000.0,0.054349713
0.4711222222222222,9,2017-09-19,2506.290039,2507.840088,2503.189941,2506.649902,2506.649902,3249100000.0,0.014358393999999998
0.4763076923076923,26,2017-09-20,2506.840088,2508.850098,2496.669922,2508.23999,2508.23999,3530010000.0,0.055843290999999996
0.5531333333333333,9,2017-09-21,2507.159912,2507.159912,2499.0,2500.600098,2500.600098,2930860000.0,-0.261643223
0.15863636363636366,11,2017-09-22,2497.26001,2503.469971,2496.540039,2502.219971,2502.219971,2865960000.0,0.198616122
0.45756923076923073,13,2017-09-23,2497.26001,2503.469971,2496.540039,2502.219971,2502.219971,2865960000.0,0.198616122
0.2548727272727273,11,2017-09-24,2497.26001,2503.469971,2496.540039,2502.219971,2502.219971,2865960000.0,0.198616122
0.09844444444444443,9,2017-09-25,2499.389893,2502.540039,2488.030029,2496.659912,2496.659912,3297890000.0,-0.109225896
0.13280952380952385,21,2017-09-26,2501.040039,2503.51001,2495.1201170000004,2496.840088,2496.840088,3043110000.0,-0.16792817899999998
0.6177333333333332,12,2017-09-27,2503.300049,2511.75,2495.909912,2507.040039,2507.040039,3456030000.0,0.149402386
0.3807625,8,2017-09-28,2503.409912,2510.810059,2502.929932,2510.060059,2510.060059,3168620000.0,0.265643552
0.22961666666666666,12,2017-09-29,2509.959961,2519.439941,2507.98999,2519.360107,2519.360107,3211920000.0,0.374513783
0.305184375,32,2017-09-30,2509.959961,2519.439941,2507.98999,2519.360107,2519.360107,3211920000.0,0.374513783
0.38852499999999995,8,2017-10-01,2509.959961,2519.439941,2507.98999,2519.360107,2519.360107,3211920000.0,0.374513783
0.6208,2,2017-10-02,2521.199951,2529.22998,2520.399902,2529.1201170000004,2529.1201170000004,3199730000.0,0.314142716
0.706775,4,2017-10-03,2530.340088,2535.1298829999996,2528.850098,2534.580078,2534.580078,3068850000.0,0.167566013
0.23151538461538465,13,2017-10-04,2533.47998,2540.530029,2531.800049,2537.73999,2537.73999,3017120000.0,0.168148556
-0.10053999999999999,10,2017-10-05,2540.860107,2552.51001,2540.02002,2552.070068,2552.070068,3045120000.0,0.44118765
-0.29996666666666666,3,2017-10-06,2547.439941,2549.409912,2543.790039,2549.330078,2549.330078,2884570000.0,0.07419751
0.3426666666666667,12,2017-10-07,2547.439941,2549.409912,2543.790039,2549.330078,2549.330078,2884570000.0,0.07419751
0.3135545454545454,11,2017-10-08,2547.439941,2549.409912,2543.790039,2549.330078,2549.330078,2884570000.0,0.07419751
0.19446666666666668,3,2017-10-09,2551.389893,2551.820068,2541.600098,2544.72998,2544.72998,2483970000.0,-0.261030782
0.01874545454545455,11,2017-10-10,2549.98999,2555.22998,2544.860107,2550.639893,2550.639893,2960500000.0,0.025486492000000003
0.08830666666666671,15,2017-10-11,2550.6201170000004,2555.23999,2547.949951,2555.23999,2555.23999,2976090000.0,0.181127443
0.176225,12,2017-10-12,2552.8798829999996,2555.330078,2548.310059,2550.929932,2550.929932,3151510000.0,-0.076382403
-0.010107692307692297,13,2017-10-13,2555.659912,2557.649902,2552.090088,2553.169922,2553.169922,3149440000.0,-0.09743041300000001
0.38343571428571427,14,2017-10-14,2555.659912,2557.649902,2552.090088,2553.169922,2553.169922,3149440000.0,-0.09743041300000001
0.1987,2,2017-10-15,2555.659912,2557.649902,2552.090088,2553.169922,2553.169922,3149440000.0,-0.09743041300000001
0.2816666666666667,9,2017-10-16,2555.570068,2559.469971,2552.639893,2557.639893,2557.639893,2916020000.0,0.080992692
0.29515555555555556,9,2017-10-17,2557.169922,2559.709961,2554.689941,2559.360107,2559.360107,2889390000.0,0.08564878599999999
0.30167058823529413,17,2017-10-18,2562.8701170000004,2564.110107,2559.669922,2561.26001,2561.26001,2998090000.0,-0.06282437
-0.08731428571428572,7,2017-10-19,2553.389893,2562.360107,2547.919922,2562.100098,2562.100098,2990710000.0,0.34112318799999997
0.2868090909090909,11,2017-10-20,2567.560059,2575.439941,2567.560059,2575.209961,2575.209961,3384650000.0,0.297944423
-0.24133333333333332,12,2017-10-21,2567.560059,2575.439941,2567.560059,2575.209961,2575.209961,3384650000.0,0.297944423
0.37487999999999994,5,2017-10-22,2567.560059,2575.439941,2567.560059,2575.209961,2575.209961,3384650000.0,0.297944423
-0.04752500000000001,4,2017-10-23,2578.080078,2578.290039,2564.330078,2564.97998,2564.97998,3211710000.0,-0.5081338670000001
0.16812500000000002,8,2017-10-24,2568.659912,2572.179932,2565.580078,2569.1298829999996,2569.1298829999996,3427330000.0,0.01829635
0.4290846153846154,13,2017-10-25,2566.52002,2567.399902,2544.0,2557.149902,2557.149902,3874510000.0,-0.36509039200000004
0.2219818181818182,11,2017-10-26,2560.080078,2567.070068,2559.800049,2560.399902,2560.399902,3869050000.0,0.012492733999999998
0.39204,15,2017-10-27,2570.26001,2582.97998,2565.939941,2581.070068,2581.070068,3887110000.0,0.420582274
-0.025127272727272724,11,2017-10-28,2570.26001,2582.97998,2565.939941,2581.070068,2581.070068,3887110000.0,0.420582274
-0.31968333333333326,6,2017-10-29,2570.26001,2582.97998,2565.939941,2581.070068,2581.070068,3887110000.0,0.420582274
-0.037175,4,2017-10-30,2577.75,2580.030029,2568.25,2572.830078,2572.830078,3658870000.0,-0.1908611
-0.11071333333333334,15,2017-10-31,2575.98999,2578.290039,2572.149902,2575.26001,2575.26001,3827230000.0,-0.028337842999999998
-0.03962000000000001,15,2017-11-01,2583.209961,2588.399902,2574.919922,2579.360107,2579.360107,3813180000.0,-0.149033724
0.3124928571428572,14,2017-11-02,2579.459961,2581.110107,2566.169922,2579.850098,2579.850098,4048270000.0,0.015124755
0.018209999999999997,20,2017-11-03,2581.929932,2588.419922,2576.77002,2587.840088,2587.840088,3567710000.0,0.228904585
0.5479799999999999,5,2017-11-04,2581.929932,2588.419922,2576.77002,2587.840088,2587.840088,3567710000.0,0.228904585
0.67745,6,2017-11-05,2581.929932,2588.419922,2576.77002,2587.840088,2587.840088,3567710000.0,0.228904585
0.3460142857142858,7,2017-11-06,2587.469971,2593.3798829999996,2585.659912,2591.1298829999996,2591.1298829999996,3539080000.0,0.141447516
0.08905454545454546,11,2017-11-07,2592.110107,2597.02002,2584.350098,2590.639893,2590.639893,3809650000.0,-0.05671881
0.47623333333333334,12,2017-11-08,2588.709961,2595.469971,2585.02002,2594.3798829999996,2594.3798829999996,3899360000.0,0.219025
0.42807500000000004,4,2017-11-09,2584.0,2586.5,2566.330078,2584.6201170000004,2584.6201170000004,3831610000.0,0.023998336000000002
0.7289444444444445,9,2017-11-10,2580.179932,2583.810059,2575.570068,2582.300049,2582.300049,3486910000.0,0.082169347
0.3417,4,2017-11-11,2580.179932,2583.810059,2575.570068,2582.300049,2582.300049,3486910000.0,0.082169347
0.3637,8,2017-11-12,2580.179932,2583.810059,2575.570068,2582.300049,2582.300049,3486910000.0,0.082169347
0.372375,4,2017-11-13,2576.530029,2587.659912,2574.47998,2584.840088,2584.840088,3402930000.0,0.322529096
0.6346,8,2017-11-14,2577.75,2579.659912,2566.560059,2578.8701170000004,2578.8701170000004,3641760000.0,0.043453282999999995
0.28504,15,2017-11-15,2569.449951,2572.840088,2557.449951,2564.6201170000004,2564.6201170000004,3558890000.0,-0.187971515
0.224,7,2017-11-16,2572.949951,2590.090088,2572.949951,2585.639893,2585.639893,3312710000.0,0.49320594
0.030914285714285734,7,2017-11-17,2582.939941,2583.959961,2577.6201170000004,2578.850098,2578.850098,3300160000.0,-0.158340615
0.1874,4,2017-11-18,2582.939941,2583.959961,2577.6201170000004,2578.850098,2578.850098,3300160000.0,-0.158340615
-0.38002499999999995,4,2017-11-19,2582.939941,2583.959961,2577.6201170000004,2578.850098,2578.850098,3300160000.0,-0.158340615
-0.20199999999999999,4,2017-11-20,2579.48999,2584.639893,2578.23999,2582.139893,2582.139893,3003540000.0,0.102729726
0.6202,2,2017-11-21,2589.169922,2601.189941,2589.169922,2599.030029,2599.030029,3332720000.0,0.38082116299999996
-0.020745454545454522,11,2017-11-22,2600.310059,2600.939941,2595.22998,2597.080078,2597.080078,2762950000.0,-0.124215225
0.48867499999999997,8,2017-11-23,2600.310059,2600.939941,2595.22998,2597.080078,2597.080078,2762950000.0,-0.124215225
0.006459999999999999,10,2017-11-24,2600.419922,2604.209961,2600.419922,2602.419922,2602.419922,1349780000.0,0.076910655
-0.10884,5,2017-11-25,2600.419922,2604.209961,2600.419922,2602.419922,2602.419922,1349780000.0,0.076910655
-0.2637333333333333,3,2017-11-26,2600.419922,2604.209961,2600.419922,2602.419922,2602.419922,1349780000.0,0.076910655
0.37132499999999996,4,2017-11-27,2602.659912,2606.409912,2598.8701170000004,2601.419922,2601.419922,3006860000.0,-0.047643182
0.3855866666666667,15,2017-11-28,2605.939941,2627.689941,2605.439941,2627.040039,2627.040039,3488420000.0,0.8096924129999999
0.05113500000000002,20,2017-11-29,2627.820068,2634.889893,2620.320068,2626.070068,2626.070068,4078280000.0,-0.06659512299999999
0.03338666666666665,15,2017-11-30,2633.929932,2657.73999,2633.929932,2647.580078,2647.580078,4938490000.0,0.5182425629999999
-0.02573333333333331,9,2017-12-01,2645.100098,2650.6201170000004,2605.52002,2642.219971,2642.219971,3942320000.0,-0.10888536900000001
0.242975,4,2017-12-02,2645.100098,2650.6201170000004,2605.52002,2642.219971,2642.219971,3942320000.0,-0.10888536900000001
-0.2798214285714286,14,2017-12-03,2645.100098,2650.6201170000004,2605.52002,2642.219971,2642.219971,3942320000.0,-0.10888536900000001
0.04125000000000001,4,2017-12-04,2657.189941,2665.189941,2639.030029,2639.439941,2639.439941,4023150000.0,-0.667998916
0.666,2,2017-12-05,2639.780029,2648.719971,2627.72998,2629.570068,2629.570068,3539040000.0,-0.386773174
0.4192,5,2017-12-06,2626.23999,2634.409912,2624.75,2629.27002,2629.27002,3229000000.0,0.115375214
0.2175888888888889,9,2017-12-07,2628.3798829999996,2640.98999,2626.530029,2636.97998,2636.97998,3292400000.0,0.327201447
0.08738749999999998,8,2017-12-08,2646.209961,2651.649902,2644.100098,2651.5,2651.5,3106150000.0,0.199910025
0.2698714285714286,14,2017-12-09,2646.209961,2651.649902,2644.100098,2651.5,2651.5,3106150000.0,0.199910025
0.002899999999999958,4,2017-12-10,2646.209961,2651.649902,2644.100098,2651.5,2651.5,3106150000.0,0.199910025
-0.934,1,2017-12-11,2652.189941,2660.330078,2651.469971,2659.98999,2659.98999,3091950000.0,0.294098431
-0.11247999999999991,5,2017-12-12,2661.72998,2669.719971,2659.780029,2664.110107,2664.110107,3555680000.0,0.089420303
0.52988,5,2017-12-13,2667.590088,2671.8798829999996,2662.850098,2662.850098,2662.850098,3542370000.0,-0.177688095
0.3842142857142857,7,2017-12-14,2665.8701170000004,2668.090088,2652.01001,2652.01001,2652.01001,3430030000.0,-0.519909313
0.8427749999999999,4,2017-12-15,2660.6298829999996,2679.6298829999996,2659.139893,2675.810059,2675.810059,5723920000.0,0.570548204
0.18742499999999998,8,2017-12-16,2660.6298829999996,2679.6298829999996,2659.139893,2675.810059,2675.810059,5723920000.0,0.570548204
0.37265,2,2017-12-17,2660.6298829999996,2679.6298829999996,2659.139893,2675.810059,2675.810059,5723920000.0,0.570548204
0.4356461538461539,13,2017-12-18,2685.919922,2694.969971,2685.919922,2690.159912,2690.159912,3724660000.0,0.157859881
0.82154,5,2017-12-19,2692.709961,2694.439941,2680.73999,2681.469971,2681.469971,3368590000.0,-0.417422974
0.5555666666666667,6,2017-12-20,2688.179932,2691.01001,2676.110107,2679.25,2679.25,3241030000.0,-0.332192496
0.4072,5,2017-12-21,2683.02002,2692.639893,2682.399902,2684.570068,2684.570068,3273390000.0,0.05777251
0.36501818181818185,11,2017-12-22,2684.219971,2685.350098,2678.1298829999996,2683.340088,2683.340088,2399830000.0,-0.03277984
0.13461666666666666,6,2017-12-23,2684.219971,2685.350098,2678.1298829999996,2683.340088,2683.340088,2399830000.0,-0.03277984
0.5574749999999999,4,2017-12-24,2684.219971,2685.350098,2678.1298829999996,2683.340088,2683.340088,2399830000.0,-0.03277984
0.7875,5,2017-12-25,2684.219971,2685.350098,2678.1298829999996,2683.340088,2683.340088,2399830000.0,-0.03277984
0.49853333333333333,3,2017-12-26,2679.090088,2682.73999,2677.959961,2680.5,2680.5,1968780000.0,0.052626524
0.2736,2,2017-12-27,2682.100098,2685.639893,2678.909912,2682.6201170000004,2682.6201170000004,2202080000.0,0.019388501000000002
0.15563636363636366,11,2017-12-28,2686.100098,2687.659912,2682.689941,2687.540039,2687.540039,2153330000.0,0.053607124000000006
0.3304375,8,2017-12-29,2689.149902,2692.1201170000004,2673.610107,2673.610107,2673.610107,2443490000.0,-0.577870166
0.02591666666666668,6,2017-12-30,2689.149902,2692.1201170000004,2673.610107,2673.610107,2673.610107,2443490000.0,-0.577870166
